scope,map_size,structure_type,algorithm,cases,mean_expanded_nodes,median_expanded_nodes,optimality_rate,mean_path_cost_gap,mean_astar_search_seconds,mean_total_runtime_seconds,mean_expanded_nodes_saved_vs_manhattan,expansion_reduction_fraction_vs_manhattan,total_runtime_overhead_seconds_vs_manhattan,total_runtime_overhead_fraction_vs_manhattan,total_runtime_multiplier_vs_manhattan,astar_search_overhead_seconds_vs_manhattan,astar_search_multiplier_vs_manhattan
overall,,,manhattan_astar,1500,35120.53666666667,2721.5,1.0,0.0,0.07374227139524495,0.07374227139524495,0.0,0.0,0.0,0.0,1.0,0.0,1.0
overall,,,full_map_unet_tiebreak,1500,23495.856666666667,1277.0,1.0,0.0,0.1665859998273566,0.6592433738193164,11624.68,0.330993803150882,0.5855011024240715,7.939830050608203,8.939830050608203,0.09284372843211167,2.2590299522303354
overall,,,region_cache_patch_32,1500,19052.002666666667,703.0,1.0,0.0,0.10244286421105789,0.5233819354752098,16068.534,0.4575252978765226,0.4496396640799649,6.097447984345091,7.09744798434509,0.028700592815812942,1.3892013667708045
overall,,,region_cache_patch_64,1500,20533.496666666666,1158.5,1.0,0.0,0.10609038937935839,0.5246887798113505,14587.04,0.41534217254273165,0.4509465084161056,6.1151697646946035,7.115169764694603,0.03234811798411344,1.4386645186277691
map_size,100,,manhattan_astar,500,911.168,427.0,1.0,0.0,0.0013547917180985677,0.0013547917180985677,0.0,0.0,0.0,0.0,1.0,0.0,1.0
map_size,100,,full_map_unet_tiebreak,500,512.524,135.5,1.0,0.0,0.004109239764075028,0.03839404268215003,398.644,0.43750877993959403,0.03703925096405146,27.33944300754625,28.33944300754625,0.00275444804597646,3.0331155034238706
map_size,100,,region_cache_patch_32,500,477.76,109.5,1.0,0.0,0.0033241613699210573,0.057556380412337606,433.408,0.4756620074453888,0.05620158869423904,41.4835638153422,42.4835638153422,0.0019693696518224895,2.4536327802375952
map_size,100,,region_cache_patch_64,500,492.302,109.0,1.0,0.0,0.0026570921210950474,0.06339782933998504,418.866,0.4597022722483669,0.062043037621886475,45.79525900037466,46.79525900037466,0.0013023004029964797,1.9612550664424204
map_size,500,,manhattan_astar,500,22591.872,10204.5,1.0,0.0,0.04265018982166657,0.04265018982166657,0.0,0.0,0.0,0.0,1.0,0.0,1.0
map_size,500,,full_map_unet_tiebreak,500,14816.45,4298.0,1.0,0.0,0.24313233540585497,0.8096941489156306,7775.421999999999,0.34416900024929314,0.7670439590939641,17.984537989190866,18.984537989190866,0.2004821455841884,5.700615552298015
map_size,500,,region_cache_patch_32,500,11887.36,1682.5,1.0,0.0,0.1472841087160923,0.8234465790858958,10704.511999999999,0.47382138142425734,0.7807963892642292,18.306985092656717,19.306985092656717,0.10463391889442572,3.4533048816882643
map_size,500,,region_cache_patch_64,500,13342.302,3177.5,1.0,0.0,0.1543159140462667,0.8457300065922464,9249.57,0.40942025521391057,0.8030798167705798,18.82945469008464,19.82945469008464,0.11166572422460014,3.6181764885809073
map_size,1000,,manhattan_astar,500,81858.57,30787.5,1.0,0.0,0.1772218326459697,0.1772218326459697,0.0,0.0,0.0,0.0,1.0,0.0,1.0
map_size,1000,,full_map_unet_tiebreak,500,55158.596,14141.0,1.0,0.0,0.2525164243121399,1.1296419298601685,26699.97400000001,0.32617200618090453,0.9524200972141988,5.3741691020474756,6.3741691020474756,0.0752945916661702,1.4248606988315247
map_size,1000,,region_cache_patch_32,500,44790.888,4554.0,1.0,0.0,0.1567203225471603,0.689142846927396,37067.68200000001,0.4528259166999864,0.5119210142814263,2.888588875525705,3.888588875525705,-0.020501510098809378,0.8843172435770678
map_size,1000,,region_cache_patch_64,500,47765.886,8560.0,1.0,0.0,0.16129816197071342,0.6649385035018204,34092.68400000001,0.41648277022185953,0.4877166708558507,2.752012342802856,3.752012342802856,-0.01592367067525627,0.9101483692076108
map_size_structure,100,bottleneck,manhattan_astar,100,1695.29,1082.5,1.0,0.0,0.0025476920610526576,0.0025476920610526576,0.0,0.0,0.0,0.0,1.0,0.0,1.0
map_size_structure,100,bottleneck,full_map_unet_tiebreak,100,1153.03,357.5,1.0,0.0,0.008725820010004099,0.04923523917983402,542.26,0.3198626783618142,0.04668754711878136,18.32542787745351,19.32542787745351,0.006178127948951441,3.424990069796252
map_size_structure,100,bottleneck,region_cache_patch_32,100,1097.87,243.5,1.0,0.0,0.007247810316766845,0.11133584912022343,597.4200000000001,0.3523998843855624,0.10878815705917078,42.700669646166574,43.700669646166574,0.004700118255714187,2.844853358679537
map_size_structure,100,bottleneck,region_cache_patch_64,100,1100.74,283.5,1.0,0.0,0.005750270710486802,0.10080188709980575,594.55,0.3507069586914333,0.0982541950387531,38.565961931112014,39.565961931112014,0.0032025786494341447,2.2570509200829005
map_size_structure,100,large_block,manhattan_astar,100,1095.76,670.5,1.0,0.0,0.001669600829918636,0.001669600829918636,0.0,0.0,0.0,0.0,1.0,0.0,1.0
map_size_structure,100,large_block,full_map_unet_tiebreak,100,353.82,132.5,1.0,0.0,0.003361170450152713,0.024765520010550972,741.94,0.6771008249981748,0.023095919180632335,13.83319819130532,14.83319819130532,0.001691569620234077,2.0131581093646864
map_size_structure,100,large_block,region_cache_patch_32,100,300.81,99.5,1.0,0.0,0.0029196022319229087,0.03794126829998277,794.95,0.7254782069066219,0.036271667470064134,21.724754096960858,22.724754096960854,0.0012500014020042727,1.7486827866905101
map_size_structure,100,large_block,region_cache_patch_64,100,334.7,109.0,1.0,0.0,0.001890004890592536,0.045390572910328046,761.06,0.6945499014382711,0.04372097208040941,26.186482000335403,27.186482000335403,0.00022040406067389993,1.1320100330116876
map_size_structure,100,maze_like,manhattan_astar,100,69.22,6.0,1.0,0.0,9.26675098889973e-05,9.26675098889973e-05,0.0,0.0,0.0,0.0,1.0,0.0,1.0
map_size_structure,100,maze_like,full_map_unet_tiebreak,100,58.45,4.0,1.0,0.0,0.00046827962025417945,0.0457362871406076,10.769999999999996,0.15559086969084074,0.045643619630718606,492.55256438198535,493.55256438198535,0.00037561211036518216,5.053331214091248
map_size_structure,100,maze_like,region_cache_patch_32,100,59.2,4.0,1.0,0.0,0.0004273900373664219,0.02731653248993098,10.019999999999996,0.1447558509101415,0.027223864980041982,293.7800423541364,294.7800423541364,0.0003347225274774246,4.612080737664963
map_size_structure,100,maze_like,region_cache_patch_64,100,59.72,4.0,1.0,0.0,0.0003894076682627201,0.03888597333010693,9.5,0.1372435712221901,0.038793305820217935,418.628987297564,419.628987297564,0.0002967401583737228,4.202202786383015
map_size_structure,100,narrow_corridor,manhattan_astar,100,1015.95,734.5,1.0,0.0,0.001494797450286569,0.001494797450286569,0.0,0.0,0.0,0.0,1.0,0.0,1.0
map_size_structure,100,narrow_corridor,full_map_unet_tiebreak,100,570.92,201.5,1.0,0.0,0.004536249570082873,0.024723600419820288,445.0300000000001,0.43804321078793257,0.02322880296953372,15.539766250658579,16.539766250658577,0.003041452119796304,3.0346918033698977
map_size_structure,100,narrow_corridor,region_cache_patch_32,100,524.72,182.5,1.0,0.0,0.003447022787077003,0.045117933820947656,491.23,0.4835178896599242,0.043623136370661085,29.18330932548624,30.183309325486242,0.001952225336790434,2.306013290574031
map_size_structure,100,narrow_corridor,region_cache_patch_64,100,547.53,196.5,1.0,0.0,0.0028611928582540714,0.055750821239926154,468.4200000000001,0.46106599734238896,0.05425602378963958,36.29657234111425,37.29657234111425,0.0013663954079675023,1.9141007082301011
map_size_structure,100,open_random,manhattan_astar,100,679.62,430.0,1.0,0.0,0.0009692007393459789,0.0009692007393459789,0.0,0.0,0.0,0.0,1.0,0.0,1.0
map_size_structure,100,open_random,full_map_unet_tiebreak,100,426.4,209.0,1.0,0.0,0.003454679169881274,0.04750956665993726,253.22000000000003,0.3725905653159119,0.046540365920591284,48.01932564764337,49.01932564764337,0.002485478430535295,3.564461962970135
map_size_structure,100,open_random,region_cache_patch_32,100,406.2,194.5,1.0,0.0,0.0025789814764721085,0.06607031833060319,273.42,0.4023130572967247,0.06510111759125721,67.16990087645594,68.16990087645594,0.0016097807371261296,2.660936348658191
map_size_structure,100,open_random,region_cache_patch_64,100,418.82,204.0,1.0,0.0,0.002394584477879107,0.0761598921197583,260.8,0.38374385686118717,0.07519069138041232,77.5801011368928,78.5801011368928,0.001425383738533128,2.4706795823277883
map_size_structure,500,bottleneck,manhattan_astar,100,40988.61,20694.0,1.0,0.0,0.07807551826001145,0.07807551826001145,0.0,0.0,0.0,0.0,1.0,0.0,1.0
map_size_structure,500,bottleneck,full_map_unet_tiebreak,100,29921.9,7984.0,1.0,0.0,0.35165716577976125,0.8832921570393956,11066.71,0.2699947619594809,0.8052166387793841,10.313305075962566,11.313305075962566,0.2735816475197498,4.504064444486335
map_size_structure,500,bottleneck,region_cache_patch_32,100,26607.34,5000.0,1.0,0.0,0.28224151592214186,1.7668571937898379,14381.27,0.35086015358900924,1.6887816755298264,21.630105225888496,22.630105225888496,0.2041659976621304,3.6149810108490783
map_size_structure,500,bottleneck,region_cache_patch_64,100,28846.57,6221.0,1.0,0.0,0.25125470756618595,1.4516804357898945,12142.04,0.29622961110415796,1.373604917529883,17.5932859383069,18.5932859383069,0.17317918930617449,3.2180984918914466
map_size_structure,500,large_block,manhattan_astar,100,29075.18,23531.0,1.0,0.0,0.05642117247989518,0.05642117247989518,0.0,0.0,0.0,0.0,1.0,0.0,1.0
map_size_structure,500,large_block,full_map_unet_tiebreak,100,15876.81,10518.0,1.0,0.0,0.43777543543023056,1.2785677175399905,13198.37,0.4539394081137245,1.2221465450600955,21.661133424612697,22.661133424612697,0.38135426295033537,7.759063064246408
map_size_structure,500,large_block,region_cache_patch_32,100,8069.59,1144.0,1.0,0.0,0.16368239174262272,0.7497876650295803,21005.59,0.722457780141,0.6933664925496851,12.28911881965508,13.28911881965508,0.10726121926272755,2.9010810046698063
map_size_structure,500,large_block,region_cache_patch_64,100,11313.45,3732.5,1.0,0.0,0.22063463158148808,1.0451548721107247,17761.73,0.6108897692120908,0.9887336996308295,17.524160810077984,18.524160810077984,0.1642134591015929,3.9104935591352317
map_size_structure,500,maze_like,manhattan_astar,100,4.7,4.0,1.0,0.0,1.775798955350183e-05,1.775798955350183e-05,0.0,0.0,0.0,0.0,1.0,0.0,1.0
map_size_structure,500,maze_like,full_map_unet_tiebreak,100,3.45,3.0,1.0,0.0,0.00011253662989474833,0.3273542757697578,1.25,0.26595744680851063,0.3273365177802043,18433.196888307346,18434.196888307346,9.47786403412465e-05,6.33723933419909
map_size_structure,500,maze_like,region_cache_patch_32,100,3.43,3.0,1.0,0.0,6.469676074630115e-05,0.009811239990231115,1.27,0.2702127659574468,0.009793482000677613,551.4972272717868,552.4972272717868,4.693877119279932e-05,3.6432480462600068
map_size_structure,500,maze_like,region_cache_patch_64,100,3.43,3.0,1.0,0.0,7.084501936333254e-05,0.02544280543959758,1.27,0.2702127659574468,0.025425047450044078,1431.752585135986,1432.752585135986,5.308702980983071e-05,3.9894729721452102
map_size_structure,500,narrow_corridor,manhattan_astar,100,25037.36,16945.5,1.0,0.0,0.04699761706957361,0.04699761706957361,0.0,0.0,0.0,0.0,1.0,0.0,1.0
map_size_structure,500,narrow_corridor,full_map_unet_tiebreak,100,16739.5,6643.5,1.0,0.0,0.33775650827941717,1.034624494939053,8297.86,0.3314191272562283,0.9876268778694794,21.01440327086013,22.01440327086013,0.29075889120984355,7.1866730557724745
map_size_structure,500,narrow_corridor,region_cache_patch_32,100,14202.45,4067.0,1.0,0.0,0.21472070632327814,1.0189668254097342,10834.91,0.4327496988500385,0.9719692083401605,20.681244474614356,21.681244474614356,0.16772308925370452,4.568757305405787
map_size_structure,500,narrow_corridor,region_cache_patch_64,100,15334.03,5342.5,1.0,0.0,0.23407086411651107,1.1785915729109546,9703.33,0.38755403924375414,1.131593955841381,24.077687899924996,25.077687899924996,0.18707324704693745,4.980483665161168
map_size_structure,500,open_random,manhattan_astar,100,17853.51,11551.0,1.0,0.0,0.031738883309299123,0.031738883309299123,0.0,0.0,0.0,0.0,1.0,0.0,1.0
map_size_structure,500,open_random,full_map_unet_tiebreak,100,11540.59,7566.5,1.0,0.0,0.0883600309099711,0.5246320992899564,6312.919999999998,0.3535954554594586,0.4928932159806572,15.529633200303719,16.529633200303717,0.05662114760067198,2.7839678557336844
map_size_structure,500,open_random,region_cache_patch_32,100,10553.99,6940.0,1.0,0.0,0.07571123283167253,0.5718099712100957,7299.519999999999,0.40885629772520915,0.5400710879007966,17.016070875516974,18.016070875516974,0.0439723495223734,2.3854409776757968
map_size_structure,500,open_random,region_cache_patch_64,100,11214.03,7852.0,1.0,0.0,0.06554852194778504,0.5277803467100602,6639.479999999998,0.3718865365970052,0.4960414634007611,15.628825329699824,16.628825329699826,0.03380963863848592,2.065243484120315
map_size_structure,1000,bottleneck,manhattan_astar,100,170252.07,107163.0,1.0,0.0,0.3604217916892958,0.3604217916892958,0.0,0.0,0.0,0.0,1.0,0.0,1.0
map_size_structure,1000,bottleneck,full_map_unet_tiebreak,100,127617.41,52787.5,1.0,0.0,0.554183991580212,1.6237955753906863,42634.66,0.25042080251946425,1.2633737837013905,3.5052647005053763,4.505264700505377,0.19376219989091625,1.5375984592461889
map_size_structure,1000,bottleneck,region_cache_patch_32,100,120528.15,40703.0,1.0,0.0,0.4283754513284657,1.6183730699883017,49723.92000000001,0.29206058992410494,1.2579512782990059,3.4902198127449293,4.49021981274493,0.06795365963916994,1.1885392648448678
map_size_structure,1000,bottleneck,region_cache_patch_64,100,123043.37,45358.0,1.0,0.0,0.4269809188434738,1.4838521670391491,47208.70000000001,0.2772870837928726,1.1234303753498533,3.116987932622883,4.116987932622883,0.066559127154178,1.1846700967835924
map_size_structure,1000,large_block,manhattan_astar,100,96485.17,58111.5,1.0,0.0,0.21766085249080788,0.21766085249080788,0.0,0.0,0.0,0.0,1.0,0.0,1.0
map_size_structure,1000,large_block,full_map_unet_tiebreak,100,50823.73,27284.0,1.0,0.0,0.27697208334022433,1.0989046046396833,45661.439999999995,0.47324827224743443,0.8812437521488754,4.048701188405442,5.048701188405442,0.059311230849416446,1.2724937910087495
map_size_structure,1000,large_block,region_cache_patch_32,100,14788.12,1419.5,1.0,0.0,0.04888917919801315,0.3050070112690446,81697.05,0.8467316790756548,0.08734615877823673,0.4012947564005589,1.401294756400559,-0.16877167329279474,0.2246117234153432
map_size_structure,1000,large_block,region_cache_patch_64,100,24905.54,8181.0,1.0,0.0,0.07844937542598927,0.3739788137405412,71579.63,0.7418718337750766,0.15631796124973332,0.7181721446962304,1.7181721446962304,-0.13921147706481862,0.360420234177399
map_size_structure,1000,maze_like,manhattan_astar,100,109.82,4.0,1.0,0.0,0.00018612041982123627,0.00018612041982123627,0.0,0.0,0.0,0.0,1.0,0.0,1.0
map_size_structure,1000,maze_like,full_map_unet_tiebreak,100,104.25,3.0,1.0,0.0,0.000517460389964981,0.4777992379707575,5.569999999999993,0.050719358951010686,0.4776131175509363,2566.151086536722,2567.151086536722,0.0003313399701437447,2.78024512550524
map_size_structure,1000,maze_like,region_cache_patch_32,100,107.78,3.0,1.0,0.0,0.0002932908295770176,0.00486961709902971,2.039999999999992,0.018575851393188784,0.004683496679208474,25.163798167373834,26.163798167373834,0.0001071704097557813,1.575812207272666
map_size_structure,1000,maze_like,region_cache_patch_64,100,108.17,3.0,1.0,0.0,0.00029800873031490485,0.009893463790067471,1.6499999999999915,0.015024585685667379,0.009707343370246235,52.15625120322574,53.15625120322574,0.00011188831049366857,1.6011608538232094
map_size_structure,1000,narrow_corridor,manhattan_astar,100,81729.46,53913.5,1.0,0.0,0.18548513576955883,0.18548513576955883,0.0,0.0,0.0,0.0,1.0,0.0,1.0
map_size_structure,1000,narrow_corridor,full_map_unet_tiebreak,100,50356.38,20617.0,1.0,0.0,0.2202897116704844,1.0514426304309745,31373.08000000001,0.38386501024232883,0.8659574946614157,4.668608571078468,5.668608571078468,0.03480457590092556,1.1876407818692583
map_size_structure,1000,narrow_corridor,region_cache_patch_32,100,45452.38,12403.5,1.0,0.0,0.1528349478187738,0.6805748337095429,36277.08000000001,0.44386785377023175,0.49508969793998403,2.669161040241352,3.669161040241352,-0.03265018795078503,0.8239741000521538
map_size_structure,1000,narrow_corridor,region_cache_patch_64,100,44846.86,12470.0,1.0,0.0,0.1456131304592418,0.635071961239737,36882.600000000006,0.4512766877451534,0.44958682547017814,2.423842878864058,3.423842878864058,-0.03987200531031704,0.7850393502158964
map_size_structure,1000,open_random,manhattan_astar,100,60716.33,28639.5,1.0,0.0,0.12235526286036474,0.12235526286036474,0.0,0.0,0.0,0.0,1.0,0.0,1.0
map_size_structure,1000,open_random,full_map_unet_tiebreak,100,46891.21,19074.5,1.0,0.0,0.21061887457981357,1.3962676008687414,13825.120000000003,0.2277001920241227,1.2739123380083766,10.411585968820981,11.411585968820983,0.08826361171944883,1.7213715998483672
map_size_structure,1000,open_random,region_cache_patch_32,100,43078.01,16216.5,1.0,0.0,0.15320874356097192,0.8368897025710612,17638.32,0.2905037244510661,0.7145344397106965,5.839834127332498,6.839834127332497,0.030853480700607172,1.2521630862402546
map_size_structure,1000,open_random,region_cache_patch_64,100,45925.49,20528.5,1.0,0.0,0.1551493763945473,0.821896111699607,14790.840000000004,0.24360563294915888,0.6995408488392423,5.717292681047794,6.717292681047793,0.032794113534182545,1.268023726708087
