seed,map_size,obstacle_rate,map_mode,structured_type,start_goal_mode,start_row,start_col,goal_row,goal_col,heuristic,path_found,optimal,optimal_cost,path_length,expanded_nodes,runtime_seconds,skip_reason,mae,mse,rmse,underestimate_rate,overestimate_rate,large_underestimate_rate,large_overestimate_rate,max_overestimate
0,20,0.1,structured,narrow_corridor,random,6,18,7,2,dijkstra,True,True,25,25,173,0.0003721249995578546,,14.654205607476635,283.02803738317755,16.823437145339163,0.9953271028037384,0.0,0.9018691588785047,0.0,0.0
0,20,0.1,structured,narrow_corridor,random,6,18,7,2,manhattan,True,True,25,25,89,0.0002152920023945626,,1.9345794392523366,14.22429906542056,3.7715115093846077,0.2897196261682243,0.0,0.2570093457943925,0.0,0.0
0,20,0.1,structured,narrow_corridor,random,6,18,7,2,mlp_table,True,True,25,25,67,0.000448791997769149,,1.9580617207233038,8.3854923899605,2.8957714671500754,0.2897196261682243,0.705607476635514,0.205607476635514,0.009345794392523364,3.200124740600586
0,20,0.1,structured,narrow_corridor,random,6,18,7,2,unet,True,True,25,25,86,0.00044758299918612465,,2.2443508703574957,8.668696583639317,2.944265032845942,0.308411214953271,0.6869158878504673,0.14018691588785046,0.14485981308411214,10.063549041748047
1,20,0.1,structured,narrow_corridor,random,15,15,15,3,dijkstra,True,True,26,26,195,0.0005320409982232377,,16.25581395348837,342.74883720930234,18.513477177702256,0.9953488372093023,0.0,0.8930232558139535,0.0,0.0
1,20,0.1,structured,narrow_corridor,random,15,15,15,3,manhattan,True,True,26,26,94,0.00021995900169713423,,2.781395348837209,32.2046511627907,5.674914198716197,0.2930232558139535,0.0,0.26046511627906976,0.0,0.0
1,20,0.1,structured,narrow_corridor,random,15,15,15,3,mlp_table,True,True,26,26,79,0.0004142500001762528,,2.8963456785956097,21.953592346788803,4.685466075727025,0.3023255813953488,0.6930232558139535,0.25116279069767444,0.03255813953488372,3.7599239349365234
1,20,0.1,structured,narrow_corridor,random,15,15,15,3,unet,True,True,26,26,82,0.00045450000106939115,,3.118434308850488,17.377484562278305,4.168631017765701,0.2930232558139535,0.7069767441860465,0.20465116279069767,0.16279069767441862,8.166664123535156
2,20,0.1,structured,narrow_corridor,random,4,4,5,11,dijkstra,True,True,8,8,59,0.0001291659973503556,,11.037383177570094,148.58878504672896,12.18969995720686,0.9953271028037384,0.0,0.9299065420560748,0.0,0.0
2,20,0.1,structured,narrow_corridor,random,4,4,5,11,manhattan,True,True,8,8,10,3.245900006731972e-05,,0.07476635514018691,0.14953271028037382,0.3866945956182654,0.037383177570093455,0.0,0.0,0.0,0.0
2,20,0.1,structured,narrow_corridor,random,4,4,5,11,mlp_table,True,True,8,8,9,7.958299829624593e-05,,0.8509986567720075,1.0468709780023566,1.0231671310212993,0.04672897196261682,0.9485981308411215,0.0,0.004672897196261682,3.2236061096191406
2,20,0.1,structured,narrow_corridor,random,4,4,5,11,unet,True,True,8,8,16,0.00011212500248802826,,4.091205160751521,24.005714787164717,4.899562713871996,0.0,1.0,0.0,0.6261682242990654,13.76069450378418
0,20,0.1,structured,bottleneck,random,6,16,6,19,dijkstra,True,True,3,3,20,5.3084000683156773e-05,,20.38684210526316,544.0763157894737,23.325443528247725,0.9973684210526316,0.0,0.9578947368421052,0.0,0.0
0,20,0.1,structured,bottleneck,random,6,16,6,19,manhattan,True,True,3,3,4,1.529099972685799e-05,,5.2105263157894735,81.15789473684211,9.00876765916638,0.39473684210526316,0.0,0.3684210526315789,0.0,0.0
0,20,0.1,structured,bottleneck,random,6,16,6,19,mlp_table,True,True,3,3,4,4.754199835588224e-05,,4.951126431791406,60.92756824706399,7.805611330771216,0.4,0.5973684210526315,0.36578947368421055,0.010526315789473684,3.573324203491211
0,20,0.1,structured,bottleneck,random,6,16,6,19,unet,True,True,3,3,4,3.7416000850498676e-05,,5.739599850616957,78.45610380149753,8.857545021138618,0.8394736842105263,0.16052631578947368,0.3736842105263158,0.015789473684210527,4.520173072814941
1,20,0.1,structured,bottleneck,random,18,16,18,4,dijkstra,True,True,22,22,289,0.0006184170015330892,,16.15,314.36052631578946,17.73021506682278,0.9973684210526316,0.0,0.9447368421052632,0.0,0.0
1,20,0.1,structured,bottleneck,random,18,16,18,4,manhattan,True,True,22,22,95,0.00044466699910117313,,1.0526315789473684,8.421052631578947,2.9019050004400464,0.15789473684210525,0.0,0.13157894736842105,0.0,0.0
1,20,0.1,structured,bottleneck,random,18,16,18,4,mlp_table,True,True,22,22,64,0.00037354199957917444,,1.604543778143431,5.909926204485483,2.431033978472017,0.17105263157894737,0.8263157894736842,0.11578947368421053,0.05526315789473684,4.507303237915039
1,20,0.1,structured,bottleneck,random,18,16,18,4,unet,True,True,22,22,82,0.0004258339977241121,,1.560308974510745,6.684842169643432,2.585506172810932,0.6552631578947369,0.34210526315789475,0.13157894736842105,0.02368421052631579,3.8783626556396484
2,20,0.1,structured,bottleneck,random,4,1,6,0,dijkstra,True,True,3,3,19,4.400000034365803e-05,,15.839473684210526,309.65,17.5968747225182,0.9973684210526316,0.0,0.9578947368421052,0.0,0.0
2,20,0.1,structured,bottleneck,random,4,1,6,0,manhattan,True,True,3,3,6,1.67500002135057e-05,,0.7368421052631579,1.4736842105263157,1.2139539573337679,0.3684210526315789,0.0,0.0,0.0,0.0
2,20,0.1,structured,bottleneck,random,4,1,6,0,mlp_table,True,True,3,3,4,3.495799683150835e-05,,1.2306163028666848,2.130076076047821,1.4594780149244526,0.2789473684210526,0.718421052631579,0.0,0.03684210526315789,4.437534332275391
2,20,0.1,structured,bottleneck,random,4,1,6,0,unet,True,True,3,3,8,5.866699939360842e-05,,1.2228542842363057,2.269382951028697,1.5064471285208443,0.6921052631578948,0.3078947368421053,0.010526315789473684,0.005263157894736842,3.290302276611328
0,20,0.1,structured,maze_like,random,10,15,2,16,dijkstra,True,True,9,9,75,0.00015179200272541493,,18.892857142857142,478.9428571428571,21.88476312741029,0.9964285714285714,0.0,0.9428571428571428,0.0,0.0
0,20,0.1,structured,maze_like,random,10,15,2,16,manhattan,True,True,9,9,12,3.23329986713361e-05,,3.8785714285714286,49.957142857142856,7.068036704569583,0.5535714285714286,0.0,0.44285714285714284,0.0,0.0
0,20,0.1,structured,maze_like,random,10,15,2,16,mlp_table,True,True,9,9,10,7.408300007227808e-05,,3.8171719219003406,45.88776129496734,6.774050582551576,0.5071428571428571,0.48928571428571427,0.3107142857142857,0.007142857142857143,3.200124740600586
0,20,0.1,structured,maze_like,random,10,15,2,16,unet,True,True,9,9,12,8.17909967736341e-05,,3.3509823842772417,34.11260997786558,5.8406001385016575,0.425,0.575,0.19285714285714287,0.09642857142857143,5.601806640625
1,20,0.1,structured,maze_like,random,10,0,0,13,dijkstra,True,True,23,23,133,0.00040783399890642613,,18.05190311418685,412.55709342560556,20.31150150593514,0.9965397923875432,0.0,0.9515570934256056,0.0,0.0
1,20,0.1,structured,maze_like,random,10,0,0,13,manhattan,True,True,23,23,48,0.00011491600162116811,,3.086505190311419,26.02076124567474,5.101054914983247,0.4844290657439446,0.0,0.40484429065743943,0.0,0.0
1,20,0.1,structured,maze_like,random,10,0,0,13,mlp_table,True,True,23,23,52,0.0003063750009459909,,2.974428184717172,19.34895231164962,4.398744401718474,0.4671280276816609,0.5294117647058824,0.2975778546712803,0.01730103806228374,3.9508190155029297
1,20,0.1,structured,maze_like,random,10,0,0,13,unet,True,True,23,23,58,0.0002859170017472934,,2.5422123876822447,12.119810905209064,3.4813518789701603,0.44982698961937717,0.5501730103806228,0.19377162629757785,0.12802768166089964,7.09916877746582
2,20,0.1,structured,maze_like,random,4,6,7,5,dijkstra,True,True,4,4,26,5.879200034542009e-05,,25.767857142857142,845.4178571428571,29.076070180525722,0.9964285714285714,0.0,0.9535714285714286,0.0,0.0
2,20,0.1,structured,maze_like,random,4,6,7,5,manhattan,True,True,4,4,8,2.2083000658312812e-05,,13.664285714285715,326.87142857142857,18.07958596238942,0.7214285714285714,0.0,0.7035714285714286,0.0,0.0
2,20,0.1,structured,maze_like,random,4,6,7,5,mlp_table,True,True,4,4,5,4.4167001760797575e-05,,13.095423866169794,300.64924732060496,17.33924010216725,0.7285714285714285,0.26785714285714285,0.7,0.0,2.372624397277832
2,20,0.1,structured,maze_like,random,4,6,7,5,unet,True,True,4,4,5,4.025000089313835e-05,,11.17040625682899,226.55355439295153,15.051696063665101,0.7285714285714285,0.26785714285714285,0.675,0.017857142857142856,4.447624206542969
0,20,0.1,structured,large_block,random,7,14,7,17,dijkstra,True,True,3,3,20,4.9250000301981345e-05,,13.173333333333334,215.92533333333333,14.694398025551552,0.9973333333333333,0.0,0.936,0.0,0.0
0,20,0.1,structured,large_block,random,7,14,7,17,manhattan,True,True,3,3,4,1.3374999980442226e-05,,0.0,0.0,0.0,0.0,0.0,0.0,0.0,0.0
0,20,0.1,structured,large_block,random,7,14,7,17,mlp_table,True,True,3,3,4,3.9791000745026395e-05,,1.1302317447662353,2.129174265327828,1.4591690324728757,0.005333333333333333,0.992,0.0,0.06133333333333333,4.910266876220703
0,20,0.1,structured,large_block,random,7,14,7,17,unet,True,True,3,3,4,3.599999763537198e-05,,0.8927592536608379,1.802400375770137,1.3425350556950597,0.3333333333333333,0.6666666666666666,0.0,0.058666666666666666,5.431648254394531
1,20,0.1,structured,large_block,random,19,1,18,10,dijkstra,True,True,10,10,54,0.00010858300083782524,,14.02127659574468,235.96808510638297,15.361252719305902,0.9973404255319149,0.0,0.9468085106382979,0.0,0.0
1,20,0.1,structured,large_block,random,19,1,18,10,manhattan,True,True,10,10,20,4.479099879972637e-05,,0.0,0.0,0.0,0.0,0.0,0.0,0.0,0.0
1,20,0.1,structured,large_block,random,19,1,18,10,mlp_table,True,True,10,10,11,7.837500015739352e-05,,1.1694569086774866,2.1602791304011464,1.4697888046930914,0.005319148936170213,0.9920212765957447,0.0,0.05851063829787234,4.507303237915039
1,20,0.1,structured,large_block,random,19,1,18,10,unet,True,True,10,10,12,8.783400335232727e-05,,1.2659215651294018,2.926669133032779,1.7107510435574134,0.32180851063829785,0.675531914893617,0.0,0.07712765957446809,6.637813568115234
2,20,0.1,structured,large_block,random,4,1,6,12,dijkstra,True,True,15,15,167,0.00036766600169357844,,11.291666666666666,152.58333333333334,12.352462642458521,0.9973958333333334,0.0,0.9427083333333334,0.0,0.0
2,20,0.1,structured,large_block,random,4,1,6,12,manhattan,True,True,15,15,41,0.00010275000022375025,,0.14583333333333334,0.2916666666666667,0.5400617248673217,0.07291666666666667,0.0,0.0,0.0,0.0
2,20,0.1,structured,large_block,random,4,1,6,12,mlp_table,True,True,15,15,30,0.00018995799837284721,,0.8625344752023617,1.1212802200985372,1.0589051988249643,0.046875,0.9505208333333334,0.0,0.010416666666666666,3.573324203491211
2,20,0.1,structured,large_block,random,4,1,6,12,unet,True,True,15,15,32,0.00022166700000525452,,0.802310815701882,1.1629335342662763,1.0783939606035804,0.4505208333333333,0.5494791666666666,0.0,0.0234375,4.549226760864258
0,20,0.2,structured,narrow_corridor,random,10,13,18,13,dijkstra,True,True,8,8,82,0.00017250000018975697,,15.580487804878048,290.59512195121954,17.04685079277752,0.9951219512195122,0.0,0.9512195121951219,0.0,0.0
0,20,0.2,structured,narrow_corridor,random,10,13,18,13,manhattan,True,True,8,8,9,2.537500040489249e-05,,1.3658536585365855,13.112195121951219,3.6210765142359556,0.1902439024390244,0.0,0.14634146341463414,0.0,0.0
0,20,0.2,structured,narrow_corridor,random,10,13,18,13,mlp_table,True,True,8,8,9,6.708299770252779e-05,,1.9886776092575817,10.28453245187926,3.2069506469353812,0.1951219512195122,0.8,0.14634146341463414,0.05853658536585366,4.320276260375977
0,20,0.2,structured,narrow_corridor,random,10,13,18,13,unet,True,False,8,12,14,0.00010699999984353781,,3.883687561895789,24.638494858488887,4.963717846381771,0.2048780487804878,0.7902439024390244,0.06341463414634146,0.526829268292683,14.219522476196289
1,20,0.2,structured,narrow_corridor,random,2,17,8,3,dijkstra,True,True,20,20,131,0.0002756670000962913,,12.529126213592233,204.13106796116506,14.287444416730553,0.9951456310679612,0.0,0.9029126213592233,0.0,0.0
1,20,0.2,structured,narrow_corridor,random,2,17,8,3,manhattan,True,True,20,20,46,0.00012608299948624335,,0.7572815533980582,1.5145631067961165,1.2306758739798698,0.3786407766990291,0.0,0.0,0.0,0.0
1,20,0.2,structured,narrow_corridor,random,2,17,8,3,mlp_table,True,True,20,20,32,0.00019879200044670142,,1.1078720428411244,1.6692721163307411,1.2920031409910508,0.2766990291262136,0.7184466019417476,0.0,0.014563106796116505,3.4921436309814453
1,20,0.2,structured,narrow_corridor,random,2,17,8,3,unet,True,True,20,20,65,0.00033762500243028626,,2.335275926780932,9.558677689087927,3.091711126397149,0.08737864077669903,0.912621359223301,0.0,0.28640776699029125,9.020170211791992
2,20,0.2,structured,narrow_corridor,random,4,15,5,14,dijkstra,True,True,2,2,11,2.9209000786067918e-05,,11.383495145631068,167.86893203883494,12.956424353919369,0.9951456310679612,0.0,0.8883495145631068,0.0,0.0
2,20,0.2,structured,narrow_corridor,random,4,15,5,14,manhattan,True,True,2,2,4,1.3207998563302681e-05,,0.07766990291262135,0.1553398058252427,0.3941317112657172,0.038834951456310676,0.0,0.0,0.0,0.0
2,20,0.2,structured,narrow_corridor,random,4,15,5,14,mlp_table,True,True,2,2,3,2.9584000003524125e-05,,1.084767641373051,1.8404050295267527,1.3566152842743415,0.009708737864077669,0.9854368932038835,0.0,0.02912621359223301,3.9508190155029297
2,20,0.2,structured,narrow_corridor,random,4,15,5,14,unet,True,True,2,2,3,2.654200216056779e-05,,3.012416910343957,16.51367152457142,4.063701702213319,0.1941747572815534,0.8058252427184466,0.0,0.4029126213592233,12.566577911376953
0,20,0.2,structured,bottleneck,random,11,1,6,12,dijkstra,True,True,24,24,282,0.0005883750018256251,,16.397333333333332,344.7493333333333,18.567426675049326,0.9973333333333333,0.0,0.944,0.0,0.0
0,20,0.2,structured,bottleneck,random,11,1,6,12,manhattan,True,True,24,24,157,0.0003893749999406282,,5.28,83.56266666666667,9.14126176556971,0.39466666666666667,0.0,0.368,0.0,0.0
0,20,0.2,structured,bottleneck,random,11,1,6,12,mlp_table,True,True,24,24,148,0.0007320410004467703,,5.439304792404175,73.32209817140598,8.562832368521878,0.4,0.5973333333333334,0.368,0.010666666666666666,3.573324203491211
0,20,0.2,structured,bottleneck,random,11,1,6,12,unet,True,True,24,24,152,0.0007808340014889836,,5.539407354354858,76.92907197938035,8.770921957204974,0.6453333333333333,0.352,0.3626666666666667,0.005333333333333333,3.3612022399902344
1,20,0.2,structured,bottleneck,random,2,1,9,0,dijkstra,True,True,8,8,67,0.00014191700029186904,,16.24266666666667,328.87733333333335,18.13497541584585,0.9973333333333333,0.0,0.9573333333333334,0.0,0.0
1,20,0.2,structured,bottleneck,random,2,1,9,0,manhattan,True,True,8,8,16,4.308300049160607e-05,,1.7493333333333334,9.92,3.1496031496047245,0.33066666666666666,0.0,0.2853333333333333,0.0,0.0
1,20,0.2,structured,bottleneck,random,2,1,9,0,mlp_table,True,True,8,8,9,0.0002869589989131782,,1.76420725440979,5.923892697091875,2.4339048249863584,0.30666666666666664,0.6906666666666667,0.20533333333333334,0.0026666666666666666,3.0135278701782227
1,20,0.2,structured,bottleneck,random,2,1,9,0,unet,True,True,8,8,13,9.837499965215102e-05,,2.02205170806249,9.198210416649315,3.0328551591939426,0.728,0.272,0.24266666666666667,0.016,4.25767707824707
2,20,0.2,structured,bottleneck,random,4,12,6,7,dijkstra,True,True,7,7,87,0.00018983300105901435,,12.537234042553191,195.29255319148936,13.97471120243597,0.9973404255319149,0.0,0.9441489361702128,0.0,0.0
2,20,0.2,structured,bottleneck,random,4,12,6,7,manhattan,True,True,7,7,16,4.454200097825378e-05,,1.5265957446808511,6.095744680851064,2.4689561925743164,0.39095744680851063,0.0,0.36436170212765956,0.0,0.0
2,20,0.2,structured,bottleneck,random,4,12,6,7,mlp_table,True,True,7,7,8,6.874999962747097e-05,,1.7583251754020124,4.7345008833743005,2.175890825242457,0.38563829787234044,0.6117021276595744,0.27925531914893614,0.010638297872340425,3.573324203491211
2,20,0.2,structured,bottleneck,random,4,12,6,7,unet,True,True,7,7,9,7.099999857018702e-05,,1.5759071929459558,3.895000389903207,1.973575534379976,0.6276595744680851,0.3723404255319149,0.18882978723404256,0.010638297872340425,3.2888259887695312
0,20,0.2,structured,maze_like,random,13,13,8,1,dijkstra,True,True,31,31,239,0.00047695800094516017,,22.214285714285715,604.7428571428571,24.59152002505858,0.9964285714285714,0.0,0.9571428571428572,0.0,0.0
0,20,0.2,structured,maze_like,random,13,13,8,1,manhattan,True,True,31,31,136,0.0002956669995910488,,7.385714285714286,98.37142857142857,9.918237170557505,0.9,0.0,0.6428571428571429,0.0,0.0
0,20,0.2,structured,maze_like,random,13,13,8,1,mlp_table,True,True,31,31,120,0.0005732919998990837,,6.395014322229794,74.84339630365223,8.651207794502003,0.8642857142857143,0.13214285714285715,0.6392857142857142,0.0,2.4467906951904297
0,20,0.2,structured,maze_like,random,13,13,8,1,unet,True,True,31,31,130,0.0005973750012344681,,5.144017003050872,54.440287201751175,7.378366160726315,0.7464285714285714,0.25,0.46785714285714286,0.03214285714285714,4.38261604309082
1,20,0.2,structured,maze_like,random,0,19,17,9,dijkstra,True,True,31,31,240,0.0004968749999534339,,22.59515570934256,623.7508650519031,24.975004805843444,0.9965397923875432,0.0,0.9480968858131488,0.0,0.0
1,20,0.2,structured,maze_like,random,0,19,17,9,manhattan,True,True,31,31,172,0.00040491699837730266,,9.190311418685122,156.59515570934255,12.51379861230564,0.889273356401384,0.0,0.8442906574394463,0.0,0.0
1,20,0.2,structured,maze_like,random,0,19,17,9,mlp_table,True,True,31,31,152,0.0007027500032563694,,8.201033723395588,131.04945991262,11.44768360466955,0.8858131487889274,0.11072664359861592,0.7370242214532872,0.0,1.663132667541504
1,20,0.2,structured,maze_like,random,0,19,17,9,unet,True,True,31,31,137,0.0007126669988792855,,6.484272883837611,93.41385165070629,9.665084151248053,0.8719723183391004,0.1245674740484429,0.45674740484429066,0.0,2.601612091064453
2,20,0.2,structured,maze_like,random,7,9,5,16,dijkstra,True,True,39,39,199,0.0003896670023095794,,23.71785714285714,680.025,26.077288969522886,0.9964285714285714,0.0,0.9642857142857143,0.0,0.0
2,20,0.2,structured,maze_like,random,7,9,5,16,manhattan,True,True,39,39,121,0.00026729199817054905,,10.15,158.27142857142857,12.580597305828867,0.8857142857142857,0.0,0.8392857142857143,0.0,0.0
2,20,0.2,structured,maze_like,random,7,9,5,16,mlp_table,True,True,39,39,96,0.00045400000090012327,,9.139828239594188,134.54500080145763,11.599353464803874,0.8821428571428571,0.11428571428571428,0.7821428571428571,0.0,1.7176666259765625
2,20,0.2,structured,maze_like,random,7,9,5,16,unet,True,True,39,39,102,0.0004567500000121072,,6.176668959430286,73.54155489686218,8.575637288088984,0.8035714285714286,0.19642857142857142,0.5928571428571429,0.02857142857142857,4.36231803894043
0,20,0.2,structured,large_block,random,11,13,7,10,dijkstra,True,True,7,7,91,0.00020600000061676838,,10.706666666666667,133.48,11.553354491228943,0.9973333333333333,0.0,0.9493333333333334,0.0,0.0
0,20,0.2,structured,large_block,random,11,13,7,10,manhattan,True,True,7,7,20,5.4874999477760866e-05,,0.05333333333333334,0.10666666666666667,0.32659863237109044,0.02666666666666667,0.0,0.0,0.0,0.0
0,20,0.2,structured,large_block,random,11,13,7,10,mlp_table,True,True,7,7,8,7.03330006217584e-05,,0.8921415980656942,1.1846321042132963,1.0884080596050805,0.024,0.9733333333333334,0.0,0.010666666666666666,3.3867263793945312
0,20,0.2,structured,large_block,random,11,13,7,10,unet,True,True,7,7,18,0.0001172500014945399,,1.0980961157480875,2.819082544428649,1.679012371731861,0.4053333333333333,0.5946666666666667,0.0,0.08266666666666667,7.925266265869141
1,20,0.2,structured,large_block,random,1,18,8,8,dijkstra,True,True,17,17,195,0.0004108749999431893,,10.27659574468085,126.01063829787235,11.225446017770178,0.9973404255319149,0.0,0.9335106382978723,0.0,0.0
1,20,0.2,structured,large_block,random,1,18,8,8,manhattan,True,True,17,17,88,0.00022529200214194134,,0.06382978723404255,0.1276595744680851,0.3572948005052482,0.031914893617021274,0.0,0.0,0.0,0.0
1,20,0.2,structured,large_block,random,1,18,8,8,mlp_table,True,True,17,17,20,0.00016095899991341867,,0.8293188804007591,1.0062460107616833,1.003118143969933,0.026595744680851064,0.9707446808510638,0.0,0.005319148936170213,3.482907295227051
1,20,0.2,structured,large_block,random,1,18,8,8,unet,True,True,17,17,68,0.0004338329999882262,,0.7093207362167379,1.1530748003019144,1.0738132054980114,0.5132978723404256,0.4867021276595745,0.0,0.023936170212765957,7.65766716003418
2,20,0.2,structured,large_block,random,4,16,6,18,dijkstra,True,True,4,4,37,8.445800267509185e-05,,14.479166666666666,257.5833333333333,16.04940289647354,0.9973958333333334,0.0,0.9453125,0.0,0.0
2,20,0.2,structured,large_block,random,4,16,6,18,manhattan,True,True,4,4,9,2.6290999812772498e-05,,0.14583333333333334,0.2916666666666667,0.5400617248673217,0.07291666666666667,0.0,0.0,0.0,0.0
2,20,0.2,structured,large_block,random,4,16,6,18,mlp_table,True,True,4,4,5,4.5625001803273335e-05,,1.024015278245012,1.6843912597303252,1.2978409994025946,0.013020833333333334,0.984375,0.0,0.033854166666666664,4.19432258605957
2,20,0.2,structured,large_block,random,4,16,6,18,unet,True,True,4,4,9,6.566700176335871e-05,,0.7727851397357881,1.0325160298423235,1.0161279593842123,0.6614583333333334,0.3385416666666667,0.0,0.0078125,4.294450759887695
0,20,0.3,structured,narrow_corridor,random,3,4,18,15,dijkstra,True,True,26,26,177,0.0003783330030273646,,16.108374384236452,322.8768472906404,17.968774228940614,0.9950738916256158,0.0,0.9261083743842364,0.0,0.0
0,20,0.3,structured,narrow_corridor,random,3,4,18,15,manhattan,True,True,26,26,55,0.00014604099851567298,,1.3793103448275863,13.241379310344827,3.638870609178736,0.1921182266009852,0.0,0.1477832512315271,0.0,0.0
0,20,0.3,structured,narrow_corridor,random,3,4,18,15,mlp_table,True,True,26,26,44,0.00028208300136611797,,2.0515879333900116,9.999556431836176,3.1622075251058677,0.2019704433497537,0.7931034482758621,0.14285714285714285,0.07881773399014778,4.320276260375977
0,20,0.3,structured,narrow_corridor,random,3,4,18,15,unet,True,True,26,26,92,0.0005133749982633162,,3.1172263816072436,15.843371429106895,3.980373277609387,0.22660098522167488,0.7684729064039408,0.09359605911330049,0.31527093596059114,10.571943283081055
1,20,0.3,structured,narrow_corridor,random,13,3,2,3,dijkstra,True,True,13,13,89,0.00020566599778248928,,15.995098039215685,317.2401960784314,17.811237915384527,0.9950980392156863,0.0,0.9068627450980392,0.0,0.0
1,20,0.3,structured,narrow_corridor,random,13,3,2,3,manhattan,True,True,13,13,36,9.779199899639934e-05,,1.1568627450980393,8.588235294117647,2.930569107548506,0.20588235294117646,0.0,0.13725490196078433,0.0,0.0
1,20,0.3,structured,narrow_corridor,random,13,3,2,3,mlp_table,True,True,13,13,14,0.00012195799718028866,,1.472980371877259,4.958702534313127,2.226814436434506,0.17647058823529413,0.8186274509803921,0.10784313725490197,0.029411764705882353,3.379995346069336
1,20,0.3,structured,narrow_corridor,random,13,3,2,3,unet,True,True,13,13,19,0.00014808400010224432,,2.1920405389631497,8.68623672065882,2.947242222936354,0.22549019607843138,0.7745098039215687,0.05392156862745098,0.19607843137254902,9.07833480834961
2,20,0.3,structured,narrow_corridor,random,5,4,6,4,dijkstra,True,True,1,1,5,1.4707999071106315e-05,,12.514851485148515,206.73267326732673,14.378201322395189,0.995049504950495,0.0,0.8910891089108911,0.0,0.0
2,20,0.3,structured,narrow_corridor,random,5,4,6,4,manhattan,True,True,1,1,2,6.542002665810287e-06,,0.7722772277227723,1.6237623762376239,1.2742693499561322,0.37623762376237624,0.0,0.009900990099009901,0.0,0.0
2,20,0.3,structured,narrow_corridor,random,5,4,6,4,mlp_table,True,True,1,1,2,1.912500010803342e-05,,1.2212711242165897,1.9762627252156628,1.4057961179401737,0.3069306930693069,0.6881188118811881,0.009900990099009901,0.009900990099009901,3.2625961303710938
2,20,0.3,structured,narrow_corridor,random,5,4,6,4,unet,True,True,1,1,2,1.6666999727021903e-05,,2.6546802143059156,12.74472621027889,3.569975659619949,0.09900990099009901,0.8960396039603961,0.0,0.39603960396039606,9.536401748657227
0,20,0.3,structured,bottleneck,random,2,14,14,3,dijkstra,True,True,31,31,278,0.0005684159987140447,,17.32033426183844,389.983286908078,19.7479945034446,0.9972144846796658,0.0,0.9331476323119777,0.0,0.0
0,20,0.3,structured,bottleneck,random,2,14,14,3,manhattan,True,True,31,31,177,0.00042470799962757155,,3.988857938718663,29.637883008356546,5.444068607976625,0.5598885793871866,0.0,0.5376044568245125,0.0,0.0
0,20,0.3,structured,bottleneck,random,2,14,14,3,mlp_table,True,True,31,31,148,0.0007470410018868279,,3.831390515675452,22.5410385225945,4.747740359644207,0.5654596100278552,0.43175487465181056,0.5264623955431755,0.019498607242339833,3.7599239349365234
0,20,0.3,structured,bottleneck,random,2,14,14,3,unet,True,True,31,31,156,0.0008936250014812686,,4.0686292739631735,27.094080320064286,5.2051974333414375,0.7075208913649025,0.2924791086350975,0.5376044568245125,0.002785515320334262,3.648893356323242
1,20,0.3,structured,bottleneck,random,15,18,1,11,dijkstra,True,True,21,21,232,0.00048466700172866695,,18.501392757660167,425.58217270194984,20.62964305803544,0.9972144846796658,0.0,0.9526462395543176,0.0,0.0
1,20,0.3,structured,bottleneck,random,15,18,1,11,manhattan,True,True,21,21,109,0.00027533400134416297,,4.651810584958217,83.06406685236769,9.11394902621074,0.3203342618384401,0.0,0.298050139275766,0.0,0.0
1,20,0.3,structured,bottleneck,random,15,18,1,11,mlp_table,True,True,21,21,24,0.0001919999995152466,,5.255690992376598,75.51962624196466,8.69020288842353,0.32590529247910865,0.6713091922005571,0.29526462395543174,0.055710306406685235,4.507303237915039
1,20,0.3,structured,bottleneck,random,15,18,1,11,unet,True,True,21,21,72,0.0004463340010261163,,5.053017390886721,74.68814840689579,8.642230522665766,0.6072423398328691,0.39275766016713093,0.29526462395543174,0.027855153203342618,4.129585266113281
2,20,0.3,structured,bottleneck,random,5,11,7,14,dijkstra,True,True,5,5,46,0.00010054100130219012,,13.737430167597765,253.4022346368715,15.918612836452537,0.9972067039106145,0.0,0.9301675977653632,0.0,0.0
2,20,0.3,structured,bottleneck,random,5,11,7,14,manhattan,True,True,5,5,12,3.429099888307974e-05,,2.452513966480447,17.1731843575419,4.144054096840665,0.3770949720670391,0.0,0.3575418994413408,0.0,0.0
2,20,0.3,structured,bottleneck,random,5,11,7,14,mlp_table,True,True,5,5,6,5.3333002142608166e-05,,2.597444680149995,13.235759400682193,3.63809832201965,0.38268156424581007,0.6145251396648045,0.3016759776536313,0.008379888268156424,3.3867263793945312
2,20,0.3,structured,bottleneck,random,5,11,7,14,unet,True,True,5,5,8,6.216600013431162e-05,,2.524178286837466,13.287041649529897,3.6451394554296406,0.6145251396648045,0.3854748603351955,0.3268156424581006,0.008379888268156424,3.6645965576171875
0,20,0.3,structured,maze_like,random,2,16,17,6,dijkstra,True,True,29,29,214,0.00044166699808556587,,20.7168458781362,528.1863799283154,22.982305800948595,0.996415770609319,0.0,0.946236559139785,0.0,0.0
0,20,0.3,structured,maze_like,random,2,16,17,6,manhattan,True,True,29,29,128,0.0002992090012412518,,6.781362007168458,78.42293906810036,8.855672705565645,0.8709677419354839,0.0,0.8136200716845878,0.0,0.0
0,20,0.3,structured,maze_like,random,2,16,17,6,mlp_table,True,True,29,29,94,0.0006937920006748755,,5.933504322523712,62.24198793496617,7.889359158700165,0.8637992831541219,0.13261648745519714,0.7025089605734767,0.0,2.262269973754883
0,20,0.3,structured,maze_like,random,2,16,17,6,unet,True,True,29,29,70,0.0003947079967474565,,4.48478055371499,39.807093329609856,6.309286277354187,0.8494623655913979,0.15053763440860216,0.4121863799283154,0.0,2.4355239868164062
1,20,0.3,structured,maze_like,random,19,8,1,9,dijkstra,True,True,35,35,263,0.0005215840028540697,,19.812720848056536,484.69611307420496,22.015815067223947,0.9964664310954063,0.0,0.9469964664310954,0.0,0.0
1,20,0.3,structured,maze_like,random,19,8,1,9,manhattan,True,True,35,35,171,0.0003856670009554364,,5.971731448763251,72.24028268551237,8.499428374044479,0.8692579505300353,0.0,0.4734982332155477,0.0,0.0
1,20,0.3,structured,maze_like,random,19,8,1,9,mlp_table,True,True,35,35,130,0.000650458998279646,,5.092850733140332,54.24633752064663,7.365211301832869,0.8409893992932862,0.15547703180212014,0.46996466431095407,0.0,2.347749710083008
1,20,0.3,structured,maze_like,random,19,8,1,9,unet,True,True,35,35,88,0.0004565839990391396,,3.500770732865738,26.620924175035658,5.159546896291927,0.7137809187279152,0.2862190812720848,0.3250883392226148,0.038869257950530034,8.887838363647461
2,20,0.3,structured,maze_like,random,16,19,19,10,dijkstra,True,True,12,12,81,0.0001646250020712614,,19.41726618705036,498.62589928057554,22.329932809584886,0.9964028776978417,0.0,0.9496402877697842,0.0,0.0
2,20,0.3,structured,maze_like,random,16,19,19,10,manhattan,True,True,12,12,22,5.262500053504482e-05,,4.58273381294964,61.02158273381295,7.8116312466611575,0.4856115107913669,0.0,0.39928057553956836,0.0,0.0
2,20,0.3,structured,maze_like,random,16,19,19,10,mlp_table,True,True,12,12,18,0.00010491599823581055,,4.528585352057176,46.8915075232103,6.847737401741564,0.4892086330935252,0.5071942446043165,0.38848920863309355,0.025179856115107913,3.7599239349365234
2,20,0.3,structured,maze_like,random,16,19,19,10,unet,True,True,12,12,22,0.00011520900079631247,,4.4756490632141235,38.81054596809346,6.229811070015964,0.4748201438848921,0.5251798561151079,0.302158273381295,0.18345323741007194,5.823875427246094
0,20,0.3,structured,large_block,random,2,15,15,17,dijkstra,True,True,17,17,195,0.00041741599852684885,,14.564179104477612,267.9194029850746,16.368243735510376,0.9970149253731343,0.0,0.9283582089552239,0.0,0.0
0,20,0.3,structured,large_block,random,2,15,15,17,manhattan,True,True,17,17,65,0.0001678750013525132,,0.5492537313432836,1.9582089552238806,1.3993601949547803,0.1761194029850746,0.0,0.08955223880597014,0.0,0.0
0,20,0.3,structured,large_block,random,2,15,15,17,mlp_table,True,True,17,17,28,0.00020333300199126825,,1.1852586141273156,2.5137524579236366,1.5854817747056056,0.15223880597014924,0.844776119402985,0.020895522388059702,0.05970149253731343,4.910266876220703
0,20,0.3,structured,large_block,random,2,15,15,17,unet,True,True,17,17,58,0.00034791600046446547,,1.4091883086446506,3.9414474772102794,1.985307904887874,0.39104477611940297,0.608955223880597,0.04477611940298507,0.09850746268656717,7.917499542236328
1,20,0.3,structured,large_block,random,16,14,1,7,dijkstra,True,True,30,30,322,0.000698124997143168,,16.244897959183675,362.4606413994169,19.038399129113163,0.9970845481049563,0.0,0.9387755102040817,0.0,0.0
1,20,0.3,structured,large_block,random,16,14,1,7,manhattan,True,True,30,30,184,0.00046195799950510263,,2.75801749271137,31.26530612244898,5.591538797365979,0.3032069970845481,0.0,0.26239067055393583,0.0,0.0
1,20,0.3,structured,large_block,random,16,14,1,7,mlp_table,True,True,30,30,100,0.0005367079975258093,,2.9347023804055707,23.268339107494228,4.823726682503294,0.30903790087463556,0.6880466472303207,0.24489795918367346,0.008746355685131196,3.716862678527832
1,20,0.3,structured,large_block,random,16,14,1,7,unet,True,True,30,30,226,0.0012177499993413221,,2.9143741141255326,22.901412948348867,4.785542074660808,0.6793002915451894,0.3206997084548105,0.2478134110787172,0.023323615160349854,6.030662536621094
2,20,0.3,structured,large_block,random,5,14,7,15,dijkstra,True,True,3,3,24,5.5500000598840415e-05,,12.918840579710144,198.7159420289855,14.09666421636642,0.9971014492753624,0.0,0.9536231884057971,0.0,0.0
2,20,0.3,structured,large_block,random,5,14,7,15,manhattan,True,True,3,3,6,1.7957998352358118e-05,,0.672463768115942,3.617391304347826,1.901944085494583,0.1536231884057971,0.0,0.10144927536231885,0.0,0.0
2,20,0.3,structured,large_block,random,5,14,7,15,mlp_table,True,True,3,3,4,3.645799733931199e-05,,1.2794587200966434,3.327311015283739,1.8240918330182117,0.1565217391304348,0.8405797101449275,0.08985507246376812,0.028985507246376812,4.423847198486328
2,20,0.3,structured,large_block,random,5,14,7,15,unet,True,True,3,3,4,3.3958000130951405e-05,,1.632064574352209,4.3376267842178065,2.0826969976974103,0.2318840579710145,0.7652173913043478,0.034782608695652174,0.0927536231884058,6.218653678894043
0,20,0.4,structured,narrow_corridor,random,5,3,16,4,dijkstra,True,True,12,12,80,0.00016445800065412186,,15.103960396039604,283.91584158415844,16.849802419736513,0.995049504950495,0.0,0.9108910891089109,0.0,0.0
0,20,0.4,structured,narrow_corridor,random,5,3,16,4,manhattan,True,True,12,12,18,5.30420002178289e-05,,1.5346534653465347,13.326732673267326,3.650579772209796,0.21287128712871287,0.0,0.1782178217821782,0.0,0.0
0,20,0.4,structured,narrow_corridor,random,5,3,16,4,mlp_table,True,True,12,12,13,0.00011708300007740036,,1.855730412620129,8.509094176296555,2.9170351688480816,0.21782178217821782,0.7772277227722773,0.15346534653465346,0.04950495049504951,3.946523666381836
0,20,0.4,structured,narrow_corridor,random,5,3,16,4,unet,True,True,12,12,13,0.00011533299766597338,,3.3168574421122523,17.278330795927936,4.156721159270602,0.17326732673267325,0.8267326732673267,0.0297029702970297,0.41089108910891087,11.600584030151367
1,20,0.4,structured,narrow_corridor,random,10,4,16,14,dijkstra,True,True,22,22,181,0.0003683750001073349,,15.891625615763546,332.16748768472905,18.225462619223936,0.9950738916256158,0.0,0.9064039408866995,0.0,0.0
1,20,0.4,structured,narrow_corridor,random,10,4,16,14,manhattan,True,True,22,22,79,0.00018304100012755953,,3.0541871921182264,42.79802955665025,6.542020296257896,0.28078817733990147,0.0,0.24630541871921183,0.0,0.0
1,20,0.4,structured,narrow_corridor,random,10,4,16,14,mlp_table,True,True,22,22,66,0.00033887499739648774,,3.3763783870659436,33.159108148351145,5.75839458081427,0.2857142857142857,0.7093596059113301,0.24630541871921183,0.03940886699507389,3.573324203491211
1,20,0.4,structured,narrow_corridor,random,10,4,16,14,unet,True,False,22,24,85,0.00044179200267535634,,3.978543189358829,30.08889972147186,5.485334968939624,0.3694581280788177,0.625615763546798,0.1921182266009852,0.28078817733990147,11.655532836914062
2,20,0.4,structured,narrow_corridor,random,14,5,7,14,dijkstra,True,True,20,20,113,0.00022295800226856954,,12.06532663316583,192.0251256281407,13.857313073902194,0.9949748743718593,0.0,0.9095477386934674,0.0,0.0
2,20,0.4,structured,narrow_corridor,random,14,5,7,14,manhattan,True,True,20,20,43,0.00010483300138730556,,1.3869346733668342,5.185929648241206,2.277263631695111,0.39195979899497485,0.0,0.3015075376884422,0.0,0.0
2,20,0.4,structured,narrow_corridor,random,14,5,7,14,mlp_table,True,True,20,20,37,0.0002086670028802473,,1.3800270317786902,3.215345695972509,1.7931385044029668,0.34673366834170855,0.6482412060301508,0.18592964824120603,0.0,2.262269973754883
2,20,0.4,structured,narrow_corridor,random,14,5,7,14,unet,True,True,20,20,84,0.0004264999988663476,,2.1467786826680055,10.9430220613183,3.308023890681308,0.4020100502512563,0.5979899497487438,0.0,0.21105527638190955,12.293258666992188
0,20,0.4,structured,bottleneck,random,4,16,19,8,dijkstra,True,True,23,23,202,0.00044808299935539253,,15.456582633053221,277.87114845938373,16.669467551766125,0.9971988795518207,0.0,0.969187675070028,0.0,0.0
0,20,0.4,structured,bottleneck,random,4,16,19,8,manhattan,True,True,23,23,103,0.0002685409999685362,,0.5378151260504201,3.070028011204482,1.7521495401946952,0.12044817927170869,0.0,0.07282913165266107,0.0,0.0
0,20,0.4,structured,bottleneck,random,4,16,19,8,mlp_table,True,True,23,23,74,0.0004225000011501834,,1.345794050967326,3.4313643089013404,1.8523942099081774,0.11484593837535013,0.8823529411764706,0.06162464985994398,0.06442577030812324,4.694330215454102
0,20,0.4,structured,bottleneck,random,4,16,19,8,unet,True,True,23,23,72,0.00046145800297381356,,0.9777826601717653,2.0268925192624145,1.4236897552705836,0.4117647058823529,0.5854341736694678,0.04201680672268908,0.025210084033613446,3.6271114349365234
1,20,0.4,structured,bottleneck,random,12,8,19,17,dijkstra,True,True,16,16,283,0.0006098330013628583,,19.913165266106443,488.59103641456585,22.104095467007145,0.9971988795518207,0.0,0.9663865546218487,0.0,0.0
1,20,0.4,structured,bottleneck,random,12,8,19,17,manhattan,True,True,16,16,67,0.00016491600035806186,,2.7899159663865545,24.403361344537814,4.9399758445297905,0.42016806722689076,0.0,0.2913165266106443,0.0,0.0
1,20,0.4,structured,bottleneck,random,12,8,19,17,mlp_table,True,True,16,16,19,0.00014320799891720526,,2.865629732775755,17.75405585321974,4.213556200315802,0.36134453781512604,0.6358543417366946,0.2913165266106443,0.008403361344537815,3.187826156616211
1,20,0.4,structured,bottleneck,random,12,8,19,17,unet,True,True,16,16,43,0.00027274999956716783,,2.880343496882949,19.58980057442544,4.4260366666381605,0.6498599439775911,0.35014005602240894,0.29971988795518206,0.011204481792717087,4.210484504699707
2,20,0.4,structured,bottleneck,random,17,10,9,6,dijkstra,True,True,22,22,218,0.00047133299813140184,,15.830508474576272,298.15819209039546,17.267257804596404,0.9971751412429378,0.0,0.963276836158192,0.0,0.0
2,20,0.4,structured,bottleneck,random,17,10,9,6,manhattan,True,True,22,22,88,0.00020304099962231703,,4.728813559322034,41.25423728813559,6.4229461532956655,0.615819209039548,0.0,0.5451977401129944,0.0,0.0
2,20,0.4,structured,bottleneck,random,17,10,9,6,mlp_table,True,True,22,22,74,0.000374625000404194,,4.411681757808405,33.14289603182064,5.756986714577396,0.615819209039548,0.3813559322033898,0.519774011299435,0.002824858757062147,3.0135278701782227
2,20,0.4,structured,bottleneck,random,17,10,9,6,unet,True,True,22,22,72,0.00042962500083376653,,3.8655253826393245,21.396544245750878,4.62563987419588,0.5621468926553672,0.4378531073446328,0.4576271186440678,0.062146892655367235,5.473310470581055
0,20,0.4,structured,maze_like,random,5,16,5,13,dijkstra,True,True,9,9,72,0.00015020800128695555,,22.913978494623656,669.516129032258,25.875009739751945,0.996415770609319,0.0,0.96415770609319,0.0,0.0
0,20,0.4,structured,maze_like,random,5,16,5,13,manhattan,True,True,9,9,25,6.116599979577586e-05,,10.637992831541219,211.7562724014337,14.55184773152309,0.8422939068100358,0.0,0.7634408602150538,0.0,0.0
0,20,0.4,structured,maze_like,random,5,16,5,13,mlp_table,True,True,9,9,19,0.00012029199933749624,,9.842427699369342,192.91408966435748,13.889351664651503,0.8207885304659498,0.17562724014336917,0.6559139784946236,0.0,1.0795416831970215
0,20,0.4,structured,maze_like,random,5,16,5,13,unet,True,True,9,9,20,0.0001199590005853679,,7.9948436043168485,130.33445581981633,11.416411687558238,0.6738351254480287,0.32616487455197135,0.5591397849462365,0.043010752688172046,5.317939758300781
1,20,0.4,structured,maze_like,random,15,10,0,6,dijkstra,True,True,39,39,270,0.000535916999069741,,19.720848056537104,480.46996466431096,21.919625103188032,0.9964664310954063,0.0,0.9469964664310954,0.0,0.0
1,20,0.4,structured,maze_like,random,15,10,0,6,manhattan,True,True,39,39,157,0.0003488750007818453,,4.1978798586572434,50.51590106007067,7.10745390840283,0.4734982332155477,0.0,0.392226148409894,0.0,0.0
1,20,0.4,structured,maze_like,random,15,10,0,6,mlp_table,True,True,39,39,139,0.0006662919986410998,,3.9819417930744563,38.493207159444964,6.20428941615758,0.47703180212014135,0.519434628975265,0.36395759717314485,0.0176678445229682,3.9508190155029297
1,20,0.4,structured,maze_like,random,15,10,0,6,unet,True,True,39,39,151,0.0007400419999612495,,3.4576017260551453,25.881335316526105,5.087370176871947,0.4664310954063604,0.5335689045936396,0.31095406360424027,0.09187279151943463,14.178834915161133
2,20,0.4,structured,maze_like,random,12,8,13,9,dijkstra,True,True,2,2,8,1.862499993876554e-05,,23.92086330935252,734.9208633093525,27.109423883759547,0.9964028776978417,0.0,0.9388489208633094,0.0,0.0
2,20,0.4,structured,maze_like,random,12,8,13,9,manhattan,True,True,2,2,4,1.1124997399747372e-05,,12.582733812949641,259.0935251798561,16.096382363122967,0.7805755395683454,0.0,0.7338129496402878,0.0,0.0
2,20,0.4,structured,maze_like,random,12,8,13,9,mlp_table,True,True,2,2,3,3.162499706377275e-05,,12.022142647839278,232.53607098112053,15.249133450170882,0.7877697841726619,0.20863309352517986,0.7338129496402878,0.0,2.6016063690185547
2,20,0.4,structured,maze_like,random,12,8,13,9,unet,True,True,2,2,4,3.2916999771259725e-05,,10.674146660369077,188.73245967416233,13.73799329138584,0.7805755395683454,0.2158273381294964,0.6402877697841727,0.046762589928057555,6.015239715576172
0,20,0.4,structured,large_block,random,5,3,5,1,dijkstra,True,True,2,2,9,2.4583001504652202e-05,,16.15820895522388,315.9671641791045,17.77546523101729,0.9970149253731343,0.0,0.9373134328358209,0.0,0.0
0,20,0.4,structured,large_block,random,5,3,5,1,manhattan,True,True,2,2,3,1.016599708236754e-05,,0.8955223880597015,2.435820895522388,1.5607116631595945,0.36716417910447763,0.0,0.08059701492537313,0.0,0.0
0,20,0.4,structured,large_block,random,5,3,5,1,mlp_table,True,True,2,2,3,2.891599797294475e-05,,0.9508276206343921,1.3337741814028024,1.1548914154165326,0.26865671641791045,0.7283582089552239,0.0,0.008955223880597015,3.3351573944091797
0,20,0.4,structured,large_block,random,5,3,5,1,unet,True,True,2,2,3,4.2791998566826805e-05,,1.2188354749288133,2.8987819598130136,1.702580970119487,0.4417910447761194,0.5552238805970149,0.0,0.056716417910447764,8.568265914916992
1,20,0.4,structured,large_block,random,12,4,0,6,dijkstra,True,True,22,22,252,0.000525583000126062,,17.23615160349854,396.8279883381924,19.920541868588625,0.9970845481049563,0.0,0.9533527696793003,0.0,0.0
1,20,0.4,structured,large_block,random,12,4,0,6,manhattan,True,True,22,22,99,0.00022641699979430996,,2.553935860058309,25.959183673469386,5.0950155714648595,0.3032069970845481,0.0,0.26239067055393583,0.0,0.0
1,20,0.4,structured,large_block,random,12,4,0,6,mlp_table,True,True,22,22,37,0.00022162499953992665,,2.736142402835212,19.125934772999358,4.373320794659289,0.30612244897959184,0.6909620991253644,0.239067055393586,0.01749271137026239,3.9508190155029297
1,20,0.4,structured,large_block,random,12,4,0,6,unet,True,True,22,22,103,0.0005446250033855904,,3.0366166221852207,22.32694337727251,4.725139508762943,0.7521865889212828,0.2478134110787172,0.2653061224489796,0.026239067055393587,4.850830078125
2,20,0.4,structured,large_block,random,18,2,9,17,dijkstra,True,True,24,24,267,0.0005467909977596719,,13.857971014492753,226.92463768115942,15.064017979316123,0.9971014492753624,0.0,0.9536231884057971,0.0,0.0
2,20,0.4,structured,large_block,random,18,2,9,17,manhattan,True,True,24,24,136,0.0005283749997033738,,0.6260869565217392,2.1797101449275362,1.4763841454470907,0.19710144927536233,0.0,0.11594202898550725,0.0,0.0
2,20,0.4,structured,large_block,random,18,2,9,17,mlp_table,True,True,24,24,51,0.00036558300053002313,,1.3165113459462705,2.8353089370918423,1.6838375625611404,0.1855072463768116,0.8115942028985508,0.06956521739130435,0.0463768115942029,4.910266876220703
2,20,0.4,structured,large_block,random,18,2,9,17,unet,True,True,24,24,62,0.00044666699977824464,,1.7128982709801714,4.628005884598221,2.151280057221333,0.22028985507246376,0.7797101449275362,0.08695652173913043,0.11304347826086956,6.775430679321289
