map_mode,structured_type,obstacle_rate,heuristic,runs,solvable_runs,path_found_rate,optimality_rate,mean_expanded_nodes,mean_runtime_seconds,mean_path_length,mean_overestimate_rate
structured,bottleneck,0.1,dijkstra,3,3,1.0,1.0,109.33333333333333,0.00023850033418663466,9.333333333333334,0.0
structured,bottleneck,0.1,manhattan,3,3,1.0,1.0,35.0,0.00015890266634717895,9.333333333333334,0.0
structured,bottleneck,0.1,mlp_table,3,3,1.0,1.0,24.0,0.00015201399825552167,9.333333333333334,0.7140350877192981
structured,bottleneck,0.1,unet,3,3,1.0,1.0,31.333333333333332,0.00017397233265607306,9.333333333333334,0.27017543859649124
structured,bottleneck,0.2,dijkstra,3,3,1.0,1.0,145.33333333333334,0.0003067083343921695,13.0,0.0
structured,bottleneck,0.2,manhattan,3,3,1.0,1.0,63.0,0.0001590000004701627,13.0,0.0
structured,bottleneck,0.2,mlp_table,3,3,1.0,1.0,55.0,0.00036258333299580653,13.0,0.6332340425531915
structured,bottleneck,0.2,unet,3,3,1.0,1.0,58.0,0.0003167363332371072,13.0,0.33211347517730494
structured,bottleneck,0.3,dijkstra,3,3,1.0,1.0,185.33333333333334,0.00038454133391496725,19.0,0.0
structured,bottleneck,0.3,manhattan,3,3,1.0,1.0,99.33333333333333,0.00024477766661827144,19.0,0.0
structured,bottleneck,0.3,mlp_table,3,3,1.0,1.0,59.333333333333336,0.00033079133451489423,19.0,0.5725297355057241
structured,bottleneck,0.3,unet,3,3,1.0,1.0,78.66666666666667,0.0004673750008805655,19.0,0.3569038763791413
structured,bottleneck,0.4,dijkstra,3,3,1.0,1.0,234.33333333333334,0.0005097496662832176,20.333333333333332,0.0
structured,bottleneck,0.4,manhattan,3,3,1.0,1.0,86.0,0.0002121659999829717,20.333333333333332,0.0
structured,bottleneck,0.4,mlp_table,3,3,1.0,1.0,55.666666666666664,0.00031344433349052753,20.333333333333332,0.633187738372185
structured,bottleneck,0.4,unet,3,3,1.0,1.0,62.333333333333336,0.00038794433445824933,20.333333333333332,0.4578091123455032
structured,large_block,0.1,dijkstra,3,3,1.0,1.0,80.33333333333333,0.00017516633427779502,9.333333333333334,0.0
structured,large_block,0.1,manhattan,3,3,1.0,1.0,21.666666666666668,5.3638666334639616e-05,9.333333333333334,0.0
structured,large_block,0.1,mlp_table,3,3,1.0,1.0,15.0,0.00010270799975842237,9.333333333333334,0.9781807033096926
structured,large_block,0.1,unet,3,3,1.0,1.0,16.0,0.00011516700033098459,9.333333333333334,0.6305592494089834
structured,large_block,0.2,dijkstra,3,3,1.0,1.0,107.66666666666667,0.00023377766774501652,9.333333333333334,0.0
structured,large_block,0.2,manhattan,3,3,1.0,1.0,39.0,0.00010215266714415823,9.333333333333334,0.0
structured,large_block,0.2,mlp_table,3,3,1.0,1.0,11.0,9.230566744615014e-05,9.333333333333334,0.9761510047281323
structured,large_block,0.2,unet,3,3,1.0,1.0,31.666666666666668,0.00020558333441537494,9.333333333333334,0.47330348699763597
structured,large_block,0.3,dijkstra,3,3,1.0,1.0,180.33333333333334,0.00039034699875628576,16.666666666666668,0.0
structured,large_block,0.3,manhattan,3,3,1.0,1.0,85.0,0.00021593033306999132,16.666666666666668,0.0
structured,large_block,0.3,mlp_table,3,3,1.0,1.0,44.0,0.00025883299895212986,16.666666666666668,0.7911341589260777
structured,large_block,0.3,unet,3,3,1.0,1.0,96.0,0.000533207999978913,16.666666666666668,0.5649574412132518
structured,large_block,0.4,dijkstra,3,3,1.0,1.0,176.0,0.0003656523331301287,16.0,0.0
structured,large_block,0.4,manhattan,3,3,1.0,1.0,79.33333333333333,0.0002549859988600171,16.0,0.0
structured,large_block,0.4,mlp_table,3,3,1.0,1.0,30.333333333333332,0.00020537466601429818,16.0,0.7436381703263798
structured,large_block,0.4,unet,3,3,1.0,1.0,56.0,0.00034469466724355396,16.0,0.5275824788677561
structured,maze_like,0.1,dijkstra,3,3,1.0,1.0,78.0,0.00020613933399242038,12.0,0.0
structured,maze_like,0.1,manhattan,3,3,1.0,1.0,22.666666666666668,5.6444000316939004e-05,12.0,0.0
structured,maze_like,0.1,mlp_table,3,3,1.0,1.0,22.333333333333332,0.0001415416675930222,12.0,0.4288515406162465
structured,maze_like,0.1,unet,3,3,1.0,1.0,25.0,0.00013598599980468862,12.0,0.46434338441258854
structured,maze_like,0.2,dijkstra,3,3,1.0,1.0,226.0,0.00045450000106939115,33.666666666666664,0.0
structured,maze_like,0.2,manhattan,3,3,1.0,1.0,143.0,0.00032262533204630017,33.666666666666664,0.0
structured,maze_like,0.2,mlp_table,3,3,1.0,1.0,122.66666666666667,0.0005766806680185255,33.666666666666664,0.11905173834239578
structured,maze_like,0.2,unet,3,3,1.0,1.0,123.0,0.0005889306667086203,33.666666666666664,0.19033201515900477
structured,maze_like,0.3,dijkstra,3,3,1.0,1.0,186.0,0.000375958667670299,25.333333333333332,0.0
structured,maze_like,0.3,manhattan,3,3,1.0,1.0,107.0,0.00024583366757724434,25.333333333333332,0.0
structured,maze_like,0.3,mlp_table,3,3,1.0,1.0,80.66666666666667,0.00048305566573011066,25.333333333333332,0.26509592128721127
structured,maze_like,0.3,unet,3,3,1.0,1.0,60.0,0.0003221669988609695,25.333333333333332,0.32064552393193163
structured,maze_like,0.4,dijkstra,3,3,1.0,1.0,116.66666666666667,0.00023491666676515402,16.666666666666668,0.0
structured,maze_like,0.4,manhattan,3,3,1.0,1.0,62.0,0.00014038866599245617,16.666666666666668,0.0
structured,maze_like,0.4,mlp_table,3,3,1.0,1.0,53.666666666666664,0.0002727363316807896,16.666666666666668,0.3012316542146047
structured,maze_like,0.4,unet,3,3,1.0,1.0,58.333333333333336,0.0002976393334392924,16.666666666666668,0.3585203724250358
structured,narrow_corridor,0.1,dijkstra,3,3,1.0,1.0,142.33333333333334,0.0003444439983771493,19.666666666666668,0.0
structured,narrow_corridor,0.1,manhattan,3,3,1.0,1.0,64.33333333333333,0.0001559033347196722,19.666666666666668,0.0
structured,narrow_corridor,0.1,mlp_table,3,3,1.0,1.0,51.666666666666664,0.00031420833208054927,19.666666666666668,0.7824096210968631
structured,narrow_corridor,0.1,unet,3,3,1.0,1.0,61.333333333333336,0.000338069334247848,19.666666666666668,0.7979642106788379
structured,narrow_corridor,0.2,dijkstra,3,3,1.0,1.0,74.66666666666667,0.0001591253336907054,10.0,0.0
structured,narrow_corridor,0.2,manhattan,3,3,1.0,1.0,19.666666666666668,5.4888666151479505e-05,10.0,0.0
structured,narrow_corridor,0.2,mlp_table,3,3,1.0,1.0,14.666666666666666,9.848633271758445e-05,10.0,0.8346278317152104
structured,narrow_corridor,0.2,unet,3,3,1.0,0.6666666666666666,27.333333333333332,0.0001570556681447973,11.333333333333334,0.836230168126924
structured,narrow_corridor,0.3,dijkstra,3,3,1.0,1.0,90.33333333333333,0.00019956899996032007,13.333333333333334,0.0
structured,narrow_corridor,0.3,manhattan,3,3,1.0,1.0,31.0,8.345833339262754e-05,13.333333333333334,0.0
structured,narrow_corridor,0.3,mlp_table,3,3,1.0,1.0,20.0,0.00014105533288481334,13.333333333333334,0.7666165703791474
structured,narrow_corridor,0.3,unet,3,3,1.0,1.0,37.666666666666664,0.00022604199936419414,13.333333333333334,0.8130074380953017
structured,narrow_corridor,0.4,dijkstra,3,3,1.0,1.0,124.66666666666667,0.0002519303343433421,18.0,0.0
structured,narrow_corridor,0.4,manhattan,3,3,1.0,1.0,46.666666666666664,0.00011363866724423133,18.0,0.0
structured,narrow_corridor,0.4,mlp_table,3,3,1.0,1.0,38.666666666666664,0.0002215416667847118,18.0,0.7116095115712527
structured,narrow_corridor,0.4,unet,3,3,1.0,0.6666666666666666,60.666666666666664,0.00032787499973589246,18.666666666666668,0.6834461288542895
