scope,map_size,structure_type,algorithm,cases,total_cache_queries,cache_hits,cache_misses,cache_hit_rate_weighted,mean_per_case_cache_hit_rate,cache_reuse_factor_queries_per_miss,cache_observability
overall,,,manhattan_astar,1500,,,,,,,not_a_region_cache_method
overall,,,full_map_unet_tiebreak,1500,,,,,,,not_a_region_cache_method
overall,,,region_cache_patch_32,1500,29347464.0,29215649.0,131815.0,0.9955084705104332,0.8764006287599694,222.6413078936388,exact_aggregate_counts
overall,,,region_cache_patch_64,1500,31635419.0,31598185.0,37234.0,0.9988230280749562,0.8838092787002478,849.6379384433582,exact_aggregate_counts
map_size,100,,manhattan_astar,500,,,,,,,not_a_region_cache_method
map_size,100,,full_map_unet_tiebreak,500,,,,,,,not_a_region_cache_method
map_size,100,,region_cache_patch_32,500,256941.0,254683.0,2258.0,0.9912119903012754,0.880318161016202,113.79140832595218,exact_aggregate_counts
map_size,100,,region_cache_patch_64,500,266098.0,265071.0,1027.0,0.9961405196581711,0.8881035191013418,259.1022395326193,exact_aggregate_counts
map_size,500,,manhattan_astar,500,,,,,,,not_a_region_cache_method
map_size,500,,full_map_unet_tiebreak,500,,,,,,,not_a_region_cache_method
map_size,500,,region_cache_patch_32,500,6130029.0,6100687.0,29342.0,0.9952133994798393,0.8816548812885089,208.9165360234476,exact_aggregate_counts
map_size,500,,region_cache_patch_64,500,6881388.0,6872664.0,8724.0,0.9987322325089066,0.8888007849124144,788.7881705639614,exact_aggregate_counts
map_size,1000,,manhattan_astar,500,,,,,,,not_a_region_cache_method
map_size,1000,,full_map_unet_tiebreak,500,,,,,,,not_a_region_cache_method
map_size,1000,,region_cache_patch_32,500,22960494.0,22860279.0,100215.0,0.9956353291004976,0.8672288439751973,229.11234845083072,exact_aggregate_counts
map_size,1000,,region_cache_patch_64,500,24487933.0,24460450.0,27483.0,0.9988776921269753,0.8745235320869875,891.0211039551723,exact_aggregate_counts
map_size_structure,100,bottleneck,manhattan_astar,100,,,,,,,not_a_region_cache_method
map_size_structure,100,bottleneck,full_map_unet_tiebreak,100,,,,,,,not_a_region_cache_method
map_size_structure,100,bottleneck,region_cache_patch_32,100,115409.0,114718.0,691.0,0.9940125986708143,0.969343204463855,167.01736613603472,exact_aggregate_counts
map_size_structure,100,bottleneck,region_cache_patch_64,100,116153.0,115888.0,265.0,0.9977185264263515,0.9772550044883365,438.31320754716984,exact_aggregate_counts
map_size_structure,100,large_block,manhattan_astar,100,,,,,,,not_a_region_cache_method
map_size_structure,100,large_block,full_map_unet_tiebreak,100,,,,,,,not_a_region_cache_method
map_size_structure,100,large_block,region_cache_patch_32,100,34469.0,34039.0,430.0,0.9875250224839711,0.9449879028233502,80.16046511627907,exact_aggregate_counts
map_size_structure,100,large_block,region_cache_patch_64,100,38678.0,38471.0,207.0,0.9946481203785097,0.9570721501632053,186.8502415458937,exact_aggregate_counts
map_size_structure,100,maze_like,manhattan_astar,100,,,,,,,not_a_region_cache_method
map_size_structure,100,maze_like,full_map_unet_tiebreak,100,,,,,,,not_a_region_cache_method
map_size_structure,100,maze_like,region_cache_patch_32,100,6167.0,5986.0,181.0,0.9706502351224258,0.5973253975312898,34.07182320441989,exact_aggregate_counts
map_size_structure,100,maze_like,region_cache_patch_64,100,6122.0,6011.0,111.0,0.9818686703691604,0.6004993809114447,55.153153153153156,exact_aggregate_counts
map_size_structure,100,narrow_corridor,manhattan_astar,100,,,,,,,not_a_region_cache_method
map_size_structure,100,narrow_corridor,full_map_unet_tiebreak,100,,,,,,,not_a_region_cache_method
map_size_structure,100,narrow_corridor,region_cache_patch_32,100,56672.0,56128.0,544.0,0.9904009034443817,0.9569464346487089,104.17647058823529,exact_aggregate_counts
map_size_structure,100,narrow_corridor,region_cache_patch_64,100,59509.0,59263.0,246.0,0.99586617150347,0.9662202667095798,241.90650406504065,exact_aggregate_counts
map_size_structure,100,open_random,manhattan_astar,100,,,,,,,not_a_region_cache_method
map_size_structure,100,open_random,full_map_unet_tiebreak,100,,,,,,,not_a_region_cache_method
map_size_structure,100,open_random,region_cache_patch_32,100,44224.0,43812.0,412.0,0.9906837916063675,0.932987865613806,107.33980582524272,exact_aggregate_counts
map_size_structure,100,open_random,region_cache_patch_64,100,45636.0,45438.0,198.0,0.995661320010518,0.939470793234143,230.4848484848485,exact_aggregate_counts
map_size_structure,500,bottleneck,manhattan_astar,100,,,,,,,not_a_region_cache_method
map_size_structure,500,bottleneck,full_map_unet_tiebreak,100,,,,,,,not_a_region_cache_method
map_size_structure,500,bottleneck,region_cache_patch_32,100,2721770.0,2710793.0,10977.0,0.9959669626750239,0.9902528668119378,247.95208162521635,exact_aggregate_counts
map_size_structure,500,bottleneck,region_cache_patch_64,100,2944553.0,2941520.0,3033.0,0.9989699625036466,0.9969201616360662,970.8384437850314,exact_aggregate_counts
map_size_structure,500,large_block,manhattan_astar,100,,,,,,,not_a_region_cache_method
map_size_structure,500,large_block,full_map_unet_tiebreak,100,,,,,,,not_a_region_cache_method
map_size_structure,500,large_block,region_cache_patch_32,100,847792.0,842765.0,5027.0,0.9940704795515881,0.9795834806336071,168.64770240700219,exact_aggregate_counts
map_size_structure,500,large_block,region_cache_patch_64,100,1206180.0,1204496.0,1684.0,0.9986038568041254,0.9962658830821114,716.2589073634205,exact_aggregate_counts
map_size_structure,500,maze_like,manhattan_astar,100,,,,,,,not_a_region_cache_method
map_size_structure,500,maze_like,full_map_unet_tiebreak,100,,,,,,,not_a_region_cache_method
map_size_structure,500,maze_like,region_cache_patch_32,100,296.0,236.0,60.0,0.7972972972972973,0.45906098579782795,4.933333333333334,exact_aggregate_counts
map_size_structure,500,maze_like,region_cache_patch_64,100,296.0,236.0,60.0,0.7972972972972973,0.45906098579782795,4.933333333333334,exact_aggregate_counts
map_size_structure,500,narrow_corridor,manhattan_astar,100,,,,,,,not_a_region_cache_method
map_size_structure,500,narrow_corridor,full_map_unet_tiebreak,100,,,,,,,not_a_region_cache_method
map_size_structure,500,narrow_corridor,region_cache_patch_32,100,1472568.0,1465504.0,7064.0,0.9952029379967513,0.9884885535837412,208.46092865232163,exact_aggregate_counts
map_size_structure,500,narrow_corridor,region_cache_patch_64,100,1583052.0,1580945.0,2107.0,0.9986690266649485,0.9959877427587229,751.3298528713811,exact_aggregate_counts
map_size_structure,500,open_random,manhattan_astar,100,,,,,,,not_a_region_cache_method
map_size_structure,500,open_random,full_map_unet_tiebreak,100,,,,,,,not_a_region_cache_method
map_size_structure,500,open_random,region_cache_patch_32,100,1087603.0,1081389.0,6214.0,0.9942865181504649,0.9908885196154306,175.02462182169296,exact_aggregate_counts
map_size_structure,500,open_random,region_cache_patch_64,100,1147307.0,1145467.0,1840.0,0.9983962444228093,0.9957691512873439,623.5364130434782,exact_aggregate_counts
map_size_structure,1000,bottleneck,manhattan_astar,100,,,,,,,not_a_region_cache_method
map_size_structure,1000,bottleneck,full_map_unet_tiebreak,100,,,,,,,not_a_region_cache_method
map_size_structure,1000,bottleneck,region_cache_patch_32,100,12254113.0,12208444.0,45669.0,0.9962731696696447,0.992531512529033,268.32453086338654,exact_aggregate_counts
map_size_structure,1000,bottleneck,region_cache_patch_64,100,12468137.0,12456407.0,11730.0,0.9990592018679294,0.9979869594344113,1062.9272804774084,exact_aggregate_counts
map_size_structure,1000,large_block,manhattan_astar,100,,,,,,,not_a_region_cache_method
map_size_structure,1000,large_block,full_map_unet_tiebreak,100,,,,,,,not_a_region_cache_method
map_size_structure,1000,large_block,region_cache_patch_32,100,1598611.0,1588050.0,10561.0,0.9933936398535979,0.9773430122606108,151.36928321181705,exact_aggregate_counts
map_size_structure,1000,large_block,region_cache_patch_64,100,2721568.0,2718083.0,3485.0,0.9987194881774036,0.9973085640650692,780.9377331420374,exact_aggregate_counts
map_size_structure,1000,maze_like,manhattan_astar,100,,,,,,,not_a_region_cache_method
map_size_structure,1000,maze_like,full_map_unet_tiebreak,100,,,,,,,not_a_region_cache_method
map_size_structure,1000,maze_like,region_cache_patch_32,100,10699.0,10447.0,252.0,0.9764463968595196,0.42770182186353284,42.45634920634921,exact_aggregate_counts
map_size_structure,1000,maze_like,region_cache_patch_64,100,10693.0,10539.0,154.0,0.9855980548022071,0.427879575623694,69.43506493506493,exact_aggregate_counts
map_size_structure,1000,narrow_corridor,manhattan_astar,100,,,,,,,not_a_region_cache_method
map_size_structure,1000,narrow_corridor,full_map_unet_tiebreak,100,,,,,,,not_a_region_cache_method
map_size_structure,1000,narrow_corridor,region_cache_patch_32,100,4704865.0,4684446.0,20419.0,0.9956600242514929,0.9908084430841927,230.41603408590038,exact_aggregate_counts
map_size_structure,1000,narrow_corridor,region_cache_patch_64,100,4626399.0,4620862.0,5537.0,0.998803172834855,0.9974548866574644,835.5425320570706,exact_aggregate_counts
map_size_structure,1000,open_random,manhattan_astar,100,,,,,,,not_a_region_cache_method
map_size_structure,1000,open_random,full_map_unet_tiebreak,100,,,,,,,not_a_region_cache_method
map_size_structure,1000,open_random,region_cache_patch_32,100,4392206.0,4368892.0,23314.0,0.9946919611693987,0.9477594301386166,188.39349746933172,exact_aggregate_counts
map_size_structure,1000,open_random,region_cache_patch_64,100,4661136.0,4654559.0,6577.0,0.9985889705857113,0.9519876746542991,708.7024479245857,exact_aggregate_counts
