scope,map_size,structure_type,algorithm,cases,manhattan_expanded_cells,algorithm_expanded_cells,expansion_reduction_vs_manhattan,expansion_reduction_fraction_vs_manhattan,total_neural_inference_seconds,saved_expansions_per_neural_second,unet_inference_calls,saved_expansions_per_inference_call
overall,,,manhattan_astar,1500,52680805.0,52680805.0,0.0,0.0,0.0,,0,
overall,,,full_map_unet_tiebreak,1500,52680805.0,35243785.0,17437020.0,0.330993803150882,738.9860609879397,23595.8713168266,1500.0,11624.68
overall,,,region_cache_patch_32,1500,52680805.0,28578004.0,24102801.0,0.4575252978765226,278.0297606434251,86691.44247083676,131815.0,182.85324887152447
overall,,,region_cache_patch_64,1500,52680805.0,30800245.0,21880560.0,0.41534217254273165,203.33846005755186,107606.59834744023,37234.0,587.6499973142827
map_size,100,,manhattan_astar,500,455584.0,455584.0,0.0,0.0,0.0,,0,
map_size,100,,full_map_unet_tiebreak,500,455584.0,256262.0,199322.0,0.43750877993959403,17.1424014590375,11627.425741736852,500.0,398.644
map_size,100,,region_cache_patch_32,500,455584.0,238880.0,216704.0,0.4756620074453888,19.08887628109369,11352.370711031925,2258.0,95.97165633303808
map_size,100,,region_cache_patch_64,500,455584.0,246151.0,209433.0,0.4597022722483669,18.50926910893031,11315.033498483916,1027.0,203.9269717624148
map_size,500,,manhattan_astar,500,11295936.0,11295936.0,0.0,0.0,0.0,,0,
map_size,500,,full_map_unet_tiebreak,500,11295936.0,7408225.0,3887711.0,0.3441690002492932,283.28090675488784,13723.872337657716,500.0,7775.422
map_size,500,,region_cache_patch_32,500,11295936.0,5943680.0,5352256.0,0.47382138142425734,190.90304606043355,28036.514400643213,29342.0,182.40937904709972
map_size,500,,region_cache_patch_64,500,11295936.0,6671151.0,4624785.0,0.40942025521391057,144.22189888917637,32067.148162802914,8724.0,530.1220770288859
map_size,1000,,manhattan_astar,500,40929285.0,40929285.0,0.0,0.0,0.0,,0,
map_size,1000,,full_map_unet_tiebreak,500,40929285.0,27579298.0,13349987.0,0.3261720061809045,438.56275277401437,30440.311940670148,500.0,26699.974
map_size,1000,,region_cache_patch_32,500,40929285.0,22395444.0,18533841.0,0.45282591669998634,68.03783830189786,272404.9067779247,100215.0,184.94078730728933
map_size,1000,,region_cache_patch_64,500,40929285.0,23882943.0,17046342.0,0.4164827702218595,40.60729205944517,419785.2438681652,27483.0,620.250409343958
map_size_structure,100,bottleneck,manhattan_astar,100,169529.0,169529.0,0.0,0.0,0.0,,0,
map_size_structure,100,bottleneck,full_map_unet_tiebreak,100,169529.0,115303.0,54226.0,0.3198626783618142,4.0509419169829926,13386.022587158132,100.0,542.26
map_size_structure,100,bottleneck,region_cache_patch_32,100,169529.0,109787.0,59742.0,0.35239988438556236,7.910599952934717,7552.145267798125,691.0,86.45730824891461
map_size_structure,100,bottleneck,region_cache_patch_64,100,169529.0,110074.0,59455.0,0.3507069586914333,6.331046031860751,9391.023173863363,265.0,224.35849056603774
map_size_structure,100,large_block,manhattan_astar,100,109576.0,109576.0,0.0,0.0,0.0,,0,
map_size_structure,100,large_block,full_map_unet_tiebreak,100,109576.0,35382.0,74194.0,0.6771008249981748,2.140434956039826,34663.04817655926,100.0,741.94
map_size_structure,100,large_block,region_cache_patch_32,100,109576.0,30081.0,79495.0,0.7254782069066219,1.916720565102878,41474.48587307936,430.0,184.87209302325581
map_size_structure,100,large_block,region_cache_patch_64,100,109576.0,33470.0,76106.0,0.6945499014382711,2.0153918029682245,37762.38440977718,207.0,367.66183574879227
map_size_structure,100,maze_like,manhattan_astar,100,6922.0,6922.0,0.0,0.0,0.0,,0,
map_size_structure,100,maze_like,full_map_unet_tiebreak,100,6922.0,5845.0,1077.0,0.1555908696908408,4.526800752035342,237.91636941735482,100.0,10.77
map_size_structure,100,maze_like,region_cache_patch_32,100,6922.0,5920.0,1002.0,0.14475585091014156,2.216678634962591,452.02763458624213,181.0,5.535911602209945
map_size_structure,100,maze_like,region_cache_patch_64,100,6922.0,5972.0,950.0,0.1372435712221901,2.779458624041581,341.7931793561349,111.0,8.558558558558559
map_size_structure,100,narrow_corridor,manhattan_astar,100,101595.0,101595.0,0.0,0.0,0.0,,0,
map_size_structure,100,narrow_corridor,full_map_unet_tiebreak,100,101595.0,57092.0,44503.0,0.43804321078793246,2.0187350849737413,22044.99259524133,100.0,445.03
map_size_structure,100,narrow_corridor,region_cache_patch_32,100,101595.0,52472.0,49123.0,0.4835178896599242,2.2319046420016093,22009.452857244687,544.0,90.29963235294117
map_size_structure,100,narrow_corridor,region_cache_patch_64,100,101595.0,54753.0,46842.0,0.4610659973423889,2.4421252030078904,19180.834767319117,246.0,190.41463414634146
map_size_structure,100,open_random,manhattan_astar,100,67962.0,67962.0,0.0,0.0,0.0,,0,
map_size_structure,100,open_random,full_map_unet_tiebreak,100,67962.0,42640.0,25322.0,0.37259056531591184,4.405488749005599,5747.829910067447,100.0,253.22
map_size_structure,100,open_random,region_cache_patch_32,100,67962.0,40620.0,27342.0,0.4023130572967246,4.812972486091894,5680.8968010954795,412.0,66.36407766990291
map_size_structure,100,open_random,region_cache_patch_64,100,67962.0,41882.0,26080.0,0.3837438568611871,4.941247447051865,5278.019423123672,198.0,131.7171717171717
map_size_structure,500,bottleneck,manhattan_astar,100,4098861.0,4098861.0,0.0,0.0,0.0,,0,
map_size_structure,500,bottleneck,full_map_unet_tiebreak,100,4098861.0,2992190.0,1106671.0,0.2699947619594809,53.163499125963426,20816.368715270204,100.0,11066.71
map_size_structure,500,bottleneck,region_cache_patch_32,100,4098861.0,2660734.0,1438127.0,0.35086015358900924,97.1498346852677,14803.185251514225,10977.0,131.01275394005648
map_size_structure,500,bottleneck,region_cache_patch_64,100,4098861.0,2884657.0,1214204.0,0.29622961110415796,60.50857457382517,20066.64358815091,3033.0,400.3310253874052
map_size_structure,500,large_block,manhattan_astar,100,2907518.0,2907518.0,0.0,0.0,0.0,,0,
map_size_structure,500,large_block,full_map_unet_tiebreak,100,2907518.0,1587681.0,1319837.0,0.45393940811372446,84.079228210976,15697.53942897996,100.0,13198.37
map_size_structure,500,large_block,region_cache_patch_32,100,2907518.0,806959.0,2100559.0,0.722457780141,29.150371387571795,72059.42497513322,5027.0,417.8553809429083
map_size_structure,500,large_block,region_cache_patch_64,100,2907518.0,1131345.0,1776173.0,0.6108897692120908,27.879167347666225,63709.686083888155,1684.0,1054.7345605700712
map_size_structure,500,maze_like,manhattan_astar,100,470.0,470.0,0.0,0.0,0.0,,0,
map_size_structure,500,maze_like,full_map_unet_tiebreak,100,470.0,345.0,125.0,0.26595744680851063,32.724173913986306,3.8198061264603846,100.0,1.25
map_size_structure,500,maze_like,region_cache_patch_32,100,470.0,343.0,127.0,0.2702127659574468,0.7371920000005048,172.27533668286287,60.0,2.1166666666666667
map_size_structure,500,maze_like,region_cache_patch_64,100,470.0,343.0,127.0,0.2702127659574468,1.5810488409624668,80.32642427585506,60.0,2.1166666666666667
map_size_structure,500,narrow_corridor,manhattan_astar,100,2503736.0,2503736.0,0.0,0.0,0.0,,0,
map_size_structure,500,narrow_corridor,full_map_unet_tiebreak,100,2503736.0,1673950.0,829786.0,0.3314191272562283,69.68679866596358,11907.362884862783,100.0,8297.86
map_size_structure,500,narrow_corridor,region_cache_patch_32,100,2503736.0,1420245.0,1083491.0,0.4327496988500385,40.20542391760682,26948.876405840256,7064.0,153.38207814269535
map_size_structure,500,narrow_corridor,region_cache_patch_64,100,2503736.0,1533403.0,970333.0,0.38755403924375414,37.38110770676576,25957.84500587112,2107.0,460.5282392026578
map_size_structure,500,open_random,manhattan_astar,100,1785351.0,1785351.0,0.0,0.0,0.0,,0,
map_size_structure,500,open_random,full_map_unet_tiebreak,100,1785351.0,1154059.0,631292.0,0.3535954554594587,43.62720683799853,14470.144796209044,100.0,6312.92
map_size_structure,500,open_random,region_cache_patch_32,100,1785351.0,1055399.0,729952.0,0.4088562977252092,23.660224069986725,30851.440706597226,6214.0,117.46894110074027
map_size_structure,500,open_random,region_cache_patch_64,100,1785351.0,1121403.0,663948.0,0.37188653659700527,16.87200041995675,39352.061609402335,1840.0,360.8413043478261
map_size_structure,1000,bottleneck,manhattan_astar,100,17025207.0,17025207.0,0.0,0.0,0.0,,0,
map_size_structure,1000,bottleneck,full_map_unet_tiebreak,100,17025207.0,12761741.0,4263466.0,0.25042080251946425,106.96115838104743,39859.94602649562,100.0,42634.66
map_size_structure,1000,bottleneck,region_cache_patch_32,100,17025207.0,12052815.0,4972392.0,0.2920605899241049,29.808459052379476,166811.4407142786,45669.0,108.87893319319451
map_size_structure,1000,bottleneck,region_cache_patch_64,100,17025207.0,12304337.0,4720870.0,0.27728708379287254,16.172970328552765,291898.7609632526,11730.0,402.461210571185
map_size_structure,1000,large_block,manhattan_astar,100,9648517.0,9648517.0,0.0,0.0,0.0,,0,
map_size_structure,1000,large_block,full_map_unet_tiebreak,100,9648517.0,5082373.0,4566144.0,0.4732482722474345,82.1932521299459,55553.75753694496,100.0,45661.44
map_size_structure,1000,large_block,region_cache_patch_32,100,9648517.0,1478812.0,8169705.0,0.8467316790756548,6.8178565006528515,1198280.5738457094,10561.0,773.5730517943376
map_size_structure,1000,large_block,region_cache_patch_64,100,9648517.0,2490554.0,7157963.0,0.7418718337750765,4.829856551674311,1482023.9324744812,3485.0,2053.9348637015783
map_size_structure,1000,maze_like,manhattan_astar,100,10982.0,10982.0,0.0,0.0,0.0,,0,
map_size_structure,1000,maze_like,full_map_unet_tiebreak,100,10982.0,10425.0,557.0,0.05071935895101074,47.728177758079255,11.670254892681568,100.0,5.57
map_size_structure,1000,maze_like,region_cache_patch_32,100,10982.0,10778.0,204.0,0.018575851393188854,0.17321386803814676,1177.7347986656198,252.0,0.8095238095238095
map_size_structure,1000,maze_like,region_cache_patch_64,100,10982.0,10817.0,165.0,0.015024585685667455,0.23227983605465852,710.3500794669638,154.0,1.0714285714285714
map_size_structure,1000,narrow_corridor,manhattan_astar,100,8172946.0,8172946.0,0.0,0.0,0.0,,0,
map_size_structure,1000,narrow_corridor,full_map_unet_tiebreak,100,8172946.0,5035638.0,3137308.0,0.3838650102423288,83.11529187604901,37746.45951648357,100.0,31373.08
map_size_structure,1000,narrow_corridor,region_cache_patch_32,100,8172946.0,4545238.0,3627708.0,0.4438678537702317,13.592603974713711,266888.37596891786,20419.0,177.6633527596846
map_size_structure,1000,narrow_corridor,region_cache_patch_64,100,8172946.0,4484686.0,3688260.0,0.45127668774515334,8.049400520016206,458203.0662815837,5537.0,666.1116127867076
map_size_structure,1000,open_random,manhattan_astar,100,6071633.0,6071633.0,0.0,0.0,0.0,,0,
map_size_structure,1000,open_random,full_map_unet_tiebreak,100,6071633.0,4689121.0,1382512.0,0.22770019202412267,118.56487262889277,11660.384474305918,100.0,13825.12
map_size_structure,1000,open_random,region_cache_patch_32,100,6071633.0,4307801.0,1763832.0,0.29050372445106615,17.64570490611368,99958.14898779635,23314.0,75.65548597409283
map_size_structure,1000,open_random,region_cache_patch_64,100,6071633.0,4592549.0,1479084.0,0.24360563294915882,11.32278482314723,130628.99481903961,6577.0,224.8873346510567
