scope,map_size,structure_type,algorithm,cases,unet_inference_calls,total_predicted_patch_output_cells,unique_in_map_predicted_cells,redundant_prediction_ratio,total_neural_inference_seconds,mean_neural_inference_seconds_per_call,neural_cost_observability
overall,,,manhattan_astar,1500,0,0,0,0.0,0.0,,no_unet
overall,,,full_map_unet_tiebreak,1500,1500.0,630000000,630000000,0.0,738.9860609879397,0.4926573739919598,exact_full_map
overall,,,region_cache_patch_32,1500,131815.0,134978560,,,278.0297606434251,0.0021092422003825446,unique_patch_coverage_not_logged
overall,,,region_cache_patch_64,1500,37234.0,152510464,,,203.33846005755186,0.005461096311370034,unique_patch_coverage_not_logged
map_size,100,,manhattan_astar,500,0,0,0,0.0,0.0,,no_unet
map_size,100,,full_map_unet_tiebreak,500,500.0,5000000,5000000,0.0,17.1424014590375,0.034284802918075,exact_full_map
map_size,100,,region_cache_patch_32,500,2258.0,2312192,,,19.08887628109369,0.008453886749820057,unique_patch_coverage_not_logged
map_size,100,,region_cache_patch_64,500,1027.0,4206592,,,18.50926910893031,0.018022657360204784,unique_patch_coverage_not_logged
map_size,500,,manhattan_astar,500,0,0,0,0.0,0.0,,no_unet
map_size,500,,full_map_unet_tiebreak,500,500.0,125000000,125000000,0.0,283.28090675488784,0.5665618135097756,exact_full_map
map_size,500,,region_cache_patch_32,500,29342.0,30046208,,,190.90304606043355,0.006506136120933596,unique_patch_coverage_not_logged
map_size,500,,region_cache_patch_64,500,8724.0,35733504,,,144.22189888917637,0.016531625273862493,unique_patch_coverage_not_logged
map_size,1000,,manhattan_astar,500,0,0,0,0.0,0.0,,no_unet
map_size,1000,,full_map_unet_tiebreak,500,500.0,500000000,500000000,0.0,438.56275277401437,0.8771255055480287,exact_full_map
map_size,1000,,region_cache_patch_32,500,100215.0,102620160,,,68.03783830189786,0.0006789187077972146,unique_patch_coverage_not_logged
map_size,1000,,region_cache_patch_64,500,27483.0,112570368,,,40.60729205944517,0.0014775421918802594,unique_patch_coverage_not_logged
map_size_structure,100,bottleneck,manhattan_astar,100,0,0,0,0.0,0.0,,no_unet
map_size_structure,100,bottleneck,full_map_unet_tiebreak,100,100.0,1000000,1000000,0.0,4.0509419169829926,0.040509419169829926,exact_full_map
map_size_structure,100,bottleneck,region_cache_patch_32,100,691.0,707584,,,7.910599952934717,0.01144804624158425,unique_patch_coverage_not_logged
map_size_structure,100,bottleneck,region_cache_patch_64,100,265.0,1085440,,,6.331046031860751,0.02389073974287076,unique_patch_coverage_not_logged
map_size_structure,100,large_block,manhattan_astar,100,0,0,0,0.0,0.0,,no_unet
map_size_structure,100,large_block,full_map_unet_tiebreak,100,100.0,1000000,1000000,0.0,2.140434956039826,0.02140434956039826,exact_full_map
map_size_structure,100,large_block,region_cache_patch_32,100,430.0,440320,,,1.916720565102878,0.004457489686285763,unique_patch_coverage_not_logged
map_size_structure,100,large_block,region_cache_patch_64,100,207.0,847872,,,2.0153918029682245,0.009736192284870649,unique_patch_coverage_not_logged
map_size_structure,100,maze_like,manhattan_astar,100,0,0,0,0.0,0.0,,no_unet
map_size_structure,100,maze_like,full_map_unet_tiebreak,100,100.0,1000000,1000000,0.0,4.526800752035342,0.04526800752035342,exact_full_map
map_size_structure,100,maze_like,region_cache_patch_32,100,181.0,185344,,,2.216678634962591,0.012246843287086138,unique_patch_coverage_not_logged
map_size_structure,100,maze_like,region_cache_patch_64,100,111.0,454656,,,2.779458624041581,0.02504016778415839,unique_patch_coverage_not_logged
map_size_structure,100,narrow_corridor,manhattan_astar,100,0,0,0,0.0,0.0,,no_unet
map_size_structure,100,narrow_corridor,full_map_unet_tiebreak,100,100.0,1000000,1000000,0.0,2.0187350849737413,0.020187350849737412,exact_full_map
map_size_structure,100,narrow_corridor,region_cache_patch_32,100,544.0,557056,,,2.2319046420016093,0.00410276588603237,unique_patch_coverage_not_logged
map_size_structure,100,narrow_corridor,region_cache_patch_64,100,246.0,1007616,,,2.4421252030078904,0.00992733822360931,unique_patch_coverage_not_logged
map_size_structure,100,open_random,manhattan_astar,100,0,0,0,0.0,0.0,,no_unet
map_size_structure,100,open_random,full_map_unet_tiebreak,100,100.0,1000000,1000000,0.0,4.405488749005599,0.04405488749005599,exact_full_map
map_size_structure,100,open_random,region_cache_patch_32,100,412.0,421888,,,4.812972486091894,0.011681972053621103,unique_patch_coverage_not_logged
map_size_structure,100,open_random,region_cache_patch_64,100,198.0,811008,,,4.941247447051865,0.02495579518713063,unique_patch_coverage_not_logged
map_size_structure,500,bottleneck,manhattan_astar,100,0,0,0,0.0,0.0,,no_unet
map_size_structure,500,bottleneck,full_map_unet_tiebreak,100,100.0,25000000,25000000,0.0,53.163499125963426,0.5316349912596343,exact_full_map
map_size_structure,500,bottleneck,region_cache_patch_32,100,10977.0,11240448,,,97.1498346852677,0.008850308343378674,unique_patch_coverage_not_logged
map_size_structure,500,bottleneck,region_cache_patch_64,100,3033.0,12423168,,,60.50857457382517,0.019950074043463623,unique_patch_coverage_not_logged
map_size_structure,500,large_block,manhattan_astar,100,0,0,0,0.0,0.0,,no_unet
map_size_structure,500,large_block,full_map_unet_tiebreak,100,100.0,25000000,25000000,0.0,84.079228210976,0.84079228210976,exact_full_map
map_size_structure,500,large_block,region_cache_patch_32,100,5027.0,5147648,,,29.150371387571795,0.005798760968285617,unique_patch_coverage_not_logged
map_size_structure,500,large_block,region_cache_patch_64,100,1684.0,6897664,,,27.879167347666225,0.01655532502830536,unique_patch_coverage_not_logged
map_size_structure,500,maze_like,manhattan_astar,100,0,0,0,0.0,0.0,,no_unet
map_size_structure,500,maze_like,full_map_unet_tiebreak,100,100.0,25000000,25000000,0.0,32.724173913986306,0.32724173913986304,exact_full_map
map_size_structure,500,maze_like,region_cache_patch_32,100,60.0,61440,,,0.7371920000005048,0.012286533333341747,unique_patch_coverage_not_logged
map_size_structure,500,maze_like,region_cache_patch_64,100,60.0,245760,,,1.5810488409624668,0.026350814016041113,unique_patch_coverage_not_logged
map_size_structure,500,narrow_corridor,manhattan_astar,100,0,0,0,0.0,0.0,,no_unet
map_size_structure,500,narrow_corridor,full_map_unet_tiebreak,100,100.0,25000000,25000000,0.0,69.68679866596358,0.6968679866596358,exact_full_map
map_size_structure,500,narrow_corridor,region_cache_patch_32,100,7064.0,7233536,,,40.20542391760682,0.005691594552322597,unique_patch_coverage_not_logged
map_size_structure,500,narrow_corridor,region_cache_patch_64,100,2107.0,8630272,,,37.38110770676576,0.017741389514364384,unique_patch_coverage_not_logged
map_size_structure,500,open_random,manhattan_astar,100,0,0,0,0.0,0.0,,no_unet
map_size_structure,500,open_random,full_map_unet_tiebreak,100,100.0,25000000,25000000,0.0,43.62720683799853,0.4362720683799853,exact_full_map
map_size_structure,500,open_random,region_cache_patch_32,100,6214.0,6363136,,,23.660224069986725,0.0038075674396502615,unique_patch_coverage_not_logged
map_size_structure,500,open_random,region_cache_patch_64,100,1840.0,7536640,,,16.87200041995675,0.009169565445628667,unique_patch_coverage_not_logged
map_size_structure,1000,bottleneck,manhattan_astar,100,0,0,0,0.0,0.0,,no_unet
map_size_structure,1000,bottleneck,full_map_unet_tiebreak,100,100.0,100000000,100000000,0.0,106.96115838104743,1.0696115838104743,exact_full_map
map_size_structure,1000,bottleneck,region_cache_patch_32,100,45669.0,46765056,,,29.808459052379476,0.000652706629275427,unique_patch_coverage_not_logged
map_size_structure,1000,bottleneck,region_cache_patch_64,100,11730.0,48046080,,,16.172970328552765,0.0013787698489814803,unique_patch_coverage_not_logged
map_size_structure,1000,large_block,manhattan_astar,100,0,0,0,0.0,0.0,,no_unet
map_size_structure,1000,large_block,full_map_unet_tiebreak,100,100.0,100000000,100000000,0.0,82.1932521299459,0.821932521299459,exact_full_map
map_size_structure,1000,large_block,region_cache_patch_32,100,10561.0,10814464,,,6.8178565006528515,0.0006455692169920321,unique_patch_coverage_not_logged
map_size_structure,1000,large_block,region_cache_patch_64,100,3485.0,14274560,,,4.829856551674311,0.0013858985801074063,unique_patch_coverage_not_logged
map_size_structure,1000,maze_like,manhattan_astar,100,0,0,0,0.0,0.0,,no_unet
map_size_structure,1000,maze_like,full_map_unet_tiebreak,100,100.0,100000000,100000000,0.0,47.728177758079255,0.47728177758079254,exact_full_map
map_size_structure,1000,maze_like,region_cache_patch_32,100,252.0,258048,,,0.17321386803814676,0.0006873566191989951,unique_patch_coverage_not_logged
map_size_structure,1000,maze_like,region_cache_patch_64,100,154.0,630784,,,0.23227983605465852,0.0015083106237315487,unique_patch_coverage_not_logged
map_size_structure,1000,narrow_corridor,manhattan_astar,100,0,0,0,0.0,0.0,,no_unet
map_size_structure,1000,narrow_corridor,full_map_unet_tiebreak,100,100.0,100000000,100000000,0.0,83.11529187604901,0.8311529187604901,exact_full_map
map_size_structure,1000,narrow_corridor,region_cache_patch_32,100,20419.0,20909056,,,13.592603974713711,0.000665684116495113,unique_patch_coverage_not_logged
map_size_structure,1000,narrow_corridor,region_cache_patch_64,100,5537.0,22679552,,,8.049400520016206,0.001453747610622396,unique_patch_coverage_not_logged
map_size_structure,1000,open_random,manhattan_astar,100,0,0,0,0.0,0.0,,no_unet
map_size_structure,1000,open_random,full_map_unet_tiebreak,100,100.0,100000000,100000000,0.0,118.56487262889277,1.1856487262889277,exact_full_map
map_size_structure,1000,open_random,region_cache_patch_32,100,23314.0,23873536,,,17.64570490611368,0.0007568716181742162,unique_patch_coverage_not_logged
map_size_structure,1000,open_random,region_cache_patch_64,100,6577.0,26939392,,,11.32278482314723,0.0017215728786904715,unique_patch_coverage_not_logged
