ranking_lambda,epoch,train_loss,train_mse_loss,train_ranking_loss,train_mae,train_mse,val_loss,val_mse_loss,val_ranking_loss,val_mae,val_mse
0.1,1,0.09382401093840599,0.04460513609275222,0.4921887432336807,0.15612558260136744,0.044737918053857614,0.053187986969947816,0.02130343709886074,0.3188454942703247,0.10324621568525438,0.019884462448591753
0.1,2,0.046846810966730115,0.020067366922274232,0.26779443526268004,0.10085313244370503,0.01996550681505243,0.05078231447935105,0.021928926318883896,0.28853387808799746,0.10804221295623247,0.020126866510969104
0.1,3,0.038341314814984796,0.01634868407063186,0.2199263035953045,0.08718905431797823,0.01627674126097901,0.03621483600139618,0.017054801680147648,0.1916003407239914,0.08410615713865505,0.015807544968217457
0.1,4,0.02965619669482112,0.011831140764988958,0.17825055611133575,0.06947766857626192,0.011747898920493683,0.028667797818779945,0.01189303968846798,0.16774758118391037,0.06920186635494706,0.010564071371507146
0.1,5,0.0251160444393754,0.009846042287535965,0.15270001770555974,0.06135493050014387,0.009762269185411895,0.024911125347018243,0.010177777584642172,0.14733347439765931,0.057249023402025874,0.008985912087113811
0.1,6,0.02219311860576272,0.008429745976813138,0.13763372373580932,0.055480441345414966,0.008372087743786217,0.02566223932057619,0.010887947484850884,0.14774291670322418,0.057239589261358886,0.009730783163037849
0.1,7,0.01979601746611297,0.007350355922244489,0.12445661272108555,0.051518282407242946,0.007310794107077375,0.0212485281303525,0.008355278313159943,0.12893249532580375,0.04903801319310423,0.007207096161439055
0.1,8,0.017882110364735127,0.006448418245650828,0.11433691883087158,0.0472917765197092,0.006392081900307655,0.020968414947390556,0.007728595402091741,0.1323981931209564,0.04634527984260553,0.006676215969420828
0.1,9,0.01610484889149666,0.005702015682123601,0.10402833004295826,0.04417629991441831,0.005649419811478451,0.019624730817973612,0.006199332259595394,0.13425398313999176,0.04221186681887169,0.005332065325128049
0.1,10,0.01454196515865624,0.004987431106623262,0.09554533948004246,0.04156648104166002,0.0049362075837202975,0.019620643727481367,0.00631138957105577,0.13309253844618799,0.040346720935787395,0.005340655360914984
0.1,11,0.013237908598035574,0.004369310187641531,0.0886859825104475,0.038421065502083906,0.004346276560808913,0.01807052740082145,0.005563140409998596,0.1250738674402237,0.04080858352533127,0.004742719804118875
0.1,12,0.012271352126263083,0.003974816656438633,0.08296535354107619,0.036840211816527836,0.003928031685260918,0.01712929690629244,0.005428904611617327,0.11700392270088196,0.03888274272239511,0.0046890903340299816
0.1,13,0.011512835450470448,0.0037515524185728283,0.07761282876878976,0.03548309242112488,0.0037037892499383216,0.01616952043771744,0.005250872820615768,0.10918647465109825,0.03735438337874056,0.0045377415051245295
0.1,14,0.010361206403933466,0.0032199615549761804,0.07141244725883007,0.03289497202669956,0.0032013934335462474,0.017642281919717787,0.006022646319121122,0.11619635373353958,0.041721675735981595,0.005271961261162182
0.1,15,0.00981102181505412,0.0029877697026822717,0.06823251982033253,0.031760112959932155,0.0029527993114434044,0.016426165983080863,0.004711049317382276,0.11715116652846336,0.035175174591165745,0.004047211715958475
0.1,16,0.009415570485405624,0.0028610333693213762,0.06554537021368742,0.031686306907547986,0.0028396284412505507,0.016178217645734547,0.004079841613769532,0.12098375499248505,0.032559488343335705,0.0034570040658477167
0.1,17,0.008958289770409465,0.002734329616418108,0.06223960046470165,0.030761957588360152,0.0026937967098760378,0.0168753672093153,0.004877329742535949,0.11998037487268448,0.0401643454112798,0.004159772392581638
0.1,18,0.008023878582753241,0.0023614321770146487,0.0566244632229209,0.02849588416281551,0.002341704746677159,0.015821315430104732,0.00414088580198586,0.11680429449677468,0.03437651955874202,0.003531492730775601
0.1,19,0.007908097405917943,0.002387566946912557,0.055205303713679314,0.029673428450598255,0.002375247870512348,0.014536542646586895,0.004050642894580961,0.10485899642109871,0.03375428162651126,0.0034459472610798778
0.1,20,0.007332966767251491,0.0020591159593313932,0.05273850674927234,0.02699573995674013,0.0020572252497853285,0.014219929963350296,0.003894816248677671,0.10325113531947136,0.03030511992766677,0.003327733603582017
0.1,21,0.007060901054181158,0.0020812585735693573,0.049796424247324465,0.027889873454228335,0.0020716770967301773,0.014418150026351214,0.003850434320047498,0.10567715623974801,0.030435653276647698,0.0032529415579157237
0.1,22,0.006543164492584765,0.0019101685816422106,0.04632995837926865,0.02637275243379154,0.0018962035106190305,0.01674285648390651,0.005114110622555018,0.1162874557673931,0.04136124080351674,0.004375048544056858
0.1,23,0.00611075044889003,0.0017225048686377704,0.043882455185055735,0.025349291026311324,0.001710588009338635,0.013242198288440704,0.0035227481592446565,0.09719449815154076,0.02993082043543708,0.0029512965874336494
0.1,24,0.005883530743420124,0.0016450547522399574,0.04238475925847888,0.02491820320289379,0.0016427261760301644,0.013518027182668448,0.0036791726099327207,0.0983885443508625,0.02913279349270711,0.003137917251023816
0.1,25,0.00614478930644691,0.0017337162960320712,0.04411072935909033,0.025705199956048117,0.0017219443216519906,0.0146520451977849,0.0036339804735034706,0.11018064405024051,0.029515999127437378,0.0029907247798892913
0.1,26,0.005552540203556418,0.0015936560315312819,0.039588840924203395,0.02463444471906341,0.0015766875905716732,0.013741962557658553,0.0035190364150330423,0.10222925972938537,0.028886701096280065,0.0029929369158376382
0.1,27,0.005218928530346602,0.001497874023974873,0.037210544276982546,0.024016955737102455,0.0014811589786090853,0.013474914127960801,0.0034833389171399177,0.09991575106978416,0.027988044023196584,0.0029478419839291557
0.1,28,0.005344034501817078,0.001448493328760378,0.0389554110839963,0.02354726071788084,0.0014370814772934662,0.014091118197888136,0.004530935321934521,0.0956018264144659,0.0404173769259749,0.00400664114246545
0.1,29,0.005056204450316727,0.0013924131451640278,0.03663791240751743,0.023297562334890644,0.0013838957868304617,0.013103004653006792,0.003399334932677448,0.09703669531643391,0.02796617582756126,0.0028477887067150627
0.1,30,0.004747104384470731,0.001321552998619154,0.03425551344454288,0.02264093509124511,0.0013070585449899772,0.013644465744495392,0.004122873697429895,0.09521591737866401,0.03494761074721098,0.003554778006534831
0.1,31,0.004922339733224362,0.0013076808174373581,0.03614658875390887,0.022433874590948116,0.0012984869269289808,0.013075283210724592,0.0032657450935803353,0.09809537948668003,0.027526086604476814,0.0027703516036173964
0.1,32,0.005253832123242318,0.0014805448265979067,0.03773287248238921,0.02429223789545847,0.001476748493046491,0.013105644416064023,0.0032791620027273895,0.09826482260227204,0.028464789370729975,0.0027428294408338577
0.1,33,0.004302096660714597,0.0011427316215122118,0.03159364977106452,0.021229619933645038,0.001133760169737475,0.012724108086898923,0.003330581151880324,0.09393526656925678,0.02750267830288761,0.0028093836004439566
0.1,34,0.004144281547982246,0.001113595384755172,0.030306860957294703,0.021212334360128184,0.001109591515191867,0.01249556440487504,0.00355842662230134,0.08937137515842915,0.03125682770066449,0.003001635265576062
0.1,35,0.004221842754166573,0.0011838233774760737,0.030380193125456572,0.02193784016051538,0.0011787977324692331,0.013242836575955153,0.0033795816535130145,0.09863254633545876,0.027310496172751306,0.0028414306404486995
0.1,36,0.004119094065856189,0.0011387188844382762,0.029803751319646837,0.02146192284285845,0.0011308379259448334,0.012519704848527909,0.00320282637886703,0.09316878275573254,0.02592061025168788,0.002631644077341628
0.1,37,0.004193060679361225,0.0012003822464030237,0.02992678378894925,0.02210172986503564,0.0011900651672741562,0.012249601079151034,0.0031662503774277867,0.09083350539207459,0.025856412422215758,0.0026412635259884867
0.1,38,0.0037604776327498255,0.0010113362004049123,0.027491414144635202,0.020252778059995195,0.0010070374236482661,0.012392369847744703,0.0031249268227256832,0.09267442926764488,0.025711665381828033,0.002539759219221185
0.1,39,0.0035753397876396777,0.0009426149062346667,0.026327248383313417,0.019656003270068962,0.0009372679478810497,0.01267752931639552,0.003365642067044973,0.0931188712567091,0.028377945025144197,0.0028426282110647376
0.1,40,0.0034327815985307096,0.0009236027973238379,0.025091787569224835,0.01959248952347169,0.0009205701022617414,0.013846196122467519,0.0037286249529570343,0.1011757107526064,0.03385615263002192,0.0030992851002487505
0.1,41,0.00347136323293671,0.0009403847943758592,0.02530978397093713,0.019997801442437867,0.000936039779609487,0.012424775578081608,0.003117504149209708,0.09307271321117878,0.027409393987760752,0.0026155921649330498
0.1,42,0.0033477943162433803,0.0008458502319408581,0.025019440386444332,0.018772071765116503,0.0008425983736341312,0.011882730700075627,0.0029199641603045163,0.08962766340374946,0.02518012455768125,0.002417598937957936
0.1,43,0.0032833790574222804,0.0008639127353671938,0.024194662787020208,0.019081038369780996,0.0008573233748958981,0.013039040625095368,0.0033013459113426505,0.09737694446742534,0.026208880662120057,0.002772875354832371
0.1,44,0.003375348406843841,0.0008801635375712067,0.024951848208904268,0.019381441021653036,0.0008761445418180183,0.012418542036786676,0.00311799577716738,0.09300546212494373,0.026878974258172608,0.0025453952410330522
0.1,45,0.00330934246070683,0.0008722751276800408,0.02437067285552621,0.019495199216707865,0.0008680227966393265,0.01206295593827963,0.002981356651522219,0.09081599169969559,0.025670111878049167,0.002423608208574798
0.1,46,0.003032901662401855,0.0007989683751948178,0.022339332439005374,0.018630792538015323,0.0007961058412530569,0.012480106415227055,0.0031597212040796875,0.09320384860038758,0.025470051206417224,0.002552306133430298
0.1,47,0.0029025079905986785,0.0007497754523064941,0.02152732492238283,0.017935295376369544,0.0007449562415697967,0.013725920680910348,0.0034535865150392055,0.10272334054112435,0.028240440609812286,0.002721385034364794
0.1,48,0.002884015313349664,0.0007537985891103745,0.021302166800945998,0.01804243796851555,0.0007485612125407346,0.011983788253739476,0.002965431971941143,0.0901835615336895,0.026776503747283176,0.00241952153438764
0.1,49,0.003022851328365505,0.000806945446296595,0.02215905849263072,0.018859153542575637,0.0008021740154531815,0.012443979032337666,0.003135238436050713,0.0930874031484127,0.026250138592707008,0.002555313199988507
0.1,50,0.0031224929224699734,0.0008356357468292117,0.022868571396917104,0.019193822852526844,0.0008289747019689977,0.012307028790935873,0.0031777966804802417,0.09129231803119182,0.025347408406175474,0.002560325803862629
0.25,1,0.1441605232656002,0.04871663647517562,0.3817755462527275,0.16138773498618764,0.04880758748378289,0.08863372367620469,0.027618916697800158,0.2440592291355133,0.11722454161172707,0.025829707658129086
0.25,2,0.07901263783872127,0.024655992828309537,0.21742658016085625,0.11612013381810525,0.024522846177278096,0.07586871916055679,0.023025184720754623,0.2113741364479065,0.10879157062752391,0.021383229827015376
0.25,3,0.0656523116081953,0.020818200808018446,0.17933644250035286,0.10363323081913062,0.020726396678254235,0.06416611903905868,0.02006685546785593,0.17639705765247346,0.09772442672813049,0.01858856804125159
0.25,4,0.055662913218140604,0.017237208792939784,0.15370281733572483,0.0906403580467703,0.0171744905943411,0.052961624056100845,0.017740377858281135,0.14088498371839522,0.08989482948182803,0.01628782626198612
0.25,5,0.048185796007514,0.014470810174942016,0.13485994309186936,0.08062936973977497,0.014368309583903761,0.04963756835460663,0.01567179686203599,0.13586308652162551,0.07496797539126918,0.014245457497838182
0.25,6,0.042615982420742514,0.012432565774768591,0.12073366649448872,0.07273386743200658,0.012366796882364849,0.04657472437620163,0.015532106991857291,0.12417046996951103,0.07746502937840566,0.014106568746830023
0.25,7,0.03922294558957219,0.01138154509011656,0.1113656013906002,0.06915959780011664,0.011331923777370917,0.04138514710962772,0.011413020703941583,0.11988850545883178,0.06404215271475636,0.0100754559922415
0.25,8,0.03521315246075392,0.009583463108632714,0.10251875773072243,0.0615481387250229,0.009520888199788882,0.03925137440860271,0.010278833158314227,0.11589016681909561,0.06049665004925279,0.009005512521475394
0.25,9,0.032438341822475195,0.00863432394200936,0.09521607157588005,0.057527255924262354,0.008548143884690329,0.03791540969908237,0.008699638856574893,0.11686308485269546,0.05514890927937065,0.007492054975104763
0.25,10,0.02957458883151412,0.007814422877505422,0.0870406641215086,0.054287149109235946,0.007746642334973757,0.03595434907078743,0.009100778574123978,0.10741428232192993,0.053397668916741726,0.007855750164688414
0.25,11,0.027770363440737127,0.007136980475857854,0.08253353174775839,0.05148482334965954,0.007093606371882831,0.035193893194198606,0.008558090576902032,0.10654321065545082,0.051746577940613186,0.007365387018599427
0.25,12,0.025325121711939572,0.006344120569061488,0.07592400442808867,0.04762411429331629,0.006272817781485578,0.03494788441061974,0.0075786345899105075,0.10947699928283691,0.04907530566139211,0.006417024316399455
0.25,13,0.023206059185788035,0.005709938307758421,0.06998448389023543,0.04446530526697543,0.005629631938929767,0.03309703865647316,0.008101859237998724,0.09998071810603142,0.048062000595474656,0.0070452367638532565
0.25,14,0.021923118317499758,0.005365320239681751,0.06623119217902422,0.0435500294490414,0.005327615080393966,0.03079690533876419,0.006799297031015158,0.09599043381214142,0.044545579313549036,0.005762936531251104
0.25,15,0.020200498413294552,0.0048273585229180755,0.06149255952239036,0.04057887065660881,0.004767311081966279,0.02987217079102993,0.00745713153295219,0.08966015842556953,0.04661640537844775,0.006384206553102382
0.25,16,0.019069149296730755,0.004488653630716726,0.05832198270410299,0.038863433232567184,0.0044533454924055565,0.033248740643262865,0.007036602763459086,0.10484854993224144,0.05148884212413278,0.005892394706034009
0.25,17,0.018022096164524555,0.004192383648827672,0.0553188499212265,0.03756040440863708,0.004133987340971041,0.02900391674786806,0.005429181359708309,0.09429894024133682,0.0374575326261174,0.004554164291434887
0.25,18,0.01671976778842509,0.003781706527341157,0.051752245012670756,0.0352018162985986,0.0037364783724943627,0.02773748932033777,0.005556466715410352,0.08872408992052078,0.03738911318872151,0.00466662873898314
0.25,19,0.016513205310329796,0.0038115071933716538,0.05080679269507527,0.036021634508100905,0.0037736958329987877,0.029236205637454986,0.005357079254463315,0.09551650592684746,0.03955930927785697,0.0044882348236122025
0.25,20,0.015096090115606784,0.00335594136104919,0.04696059492230415,0.03361543864389058,0.003345702655038265,0.027419419467449187,0.005501337174326181,0.08767232856154442,0.04322754186623811,0.004638835390216838
0.25,21,0.014331406628713012,0.0031598483519628645,0.0446862331032753,0.0323103933399036,0.0031392637204653863,0.027698957078158854,0.004938486722297967,0.0910418812930584,0.033814418576834634,0.004101844797608145
0.25,22,0.014134410774335264,0.0031621266533620658,0.04388913644105196,0.032628658315333126,0.0031359335797112834,0.027457599557936193,0.0044862843118607994,0.09188526146113872,0.03333235844132273,0.003731910966834142
0.25,23,0.013329142197966576,0.002933860269607976,0.04158112759143114,0.031324537651291944,0.0028995257624499036,0.026806336134672166,0.004620028769597411,0.08874522951245307,0.03349013284677057,0.0037748016821991344
0.25,24,0.012234421778470278,0.0026435036382172258,0.03836367253214121,0.02936944674133044,0.0026349688992649356,0.026483250699937344,0.0046706956699490544,0.08725021982192993,0.035138900882063874,0.003883166073460593
0.25,25,0.012297884456813336,0.002672896654345095,0.03849995119869709,0.029953156357373206,0.0026512755984972078,0.02673490598797798,0.004349660211242735,0.08954098196327687,0.03419118357421273,0.003568792112577867
0.25,26,0.012457667704671622,0.0026410056340973823,0.03926664823666215,0.029839883271118642,0.0026090691003265065,0.02642406516522169,0.004550381841138006,0.08749473348259926,0.03596587006325144,0.0037971368272145963
0.25,27,0.011882135109975935,0.002508500829571858,0.037494537111371753,0.02906917750411373,0.0024687611325818065,0.026044230341911317,0.004179544857237488,0.08745874153077603,0.031000091143286036,0.0034553891867547385
0.25,28,0.010941355406306684,0.0023112168478546663,0.03452055419608951,0.027880969642703556,0.0022870706092925413,0.02605648609995842,0.004091348848771304,0.08786054813861847,0.030585210132974185,0.0033803166445668313
0.25,29,0.010272641889750958,0.0021875473072286693,0.032340378385037186,0.027159102799014918,0.0021697398701048037,0.024905327312648298,0.004310374142602086,0.0823798133134842,0.031223119214264156,0.0035594418790362695
0.25,30,0.011118866927921772,0.0024374600518494846,0.03472562757879496,0.028923753858997387,0.002417703133679338,0.024537538073956967,0.004492286692373454,0.08018100675940514,0.032226442961813484,0.0037522706239461853
0.25,31,0.01013365561887622,0.002123089193599299,0.03204226556420326,0.02697294288185974,0.00210684256594746,0.030757772102952004,0.007474432591348886,0.09313335816562175,0.048089027524991154,0.00652119007076938
0.25,32,0.009975568978115917,0.002129688294837251,0.031383522685617206,0.027571010930250477,0.0021105553331766213,0.02566383808851242,0.0047972754016518595,0.08346625021100045,0.033509450190999185,0.004056509310125048
0.25,33,0.009329744697548449,0.0019495317060500383,0.02952085195481777,0.025664584987003632,0.0019272684405899421,0.024546064011752605,0.004103437896817923,0.08177050423622131,0.03500064515253443,0.0034224864052615628
0.25,34,0.008644990833476186,0.0018091315235942602,0.027343437265604734,0.024869342632354907,0.0017951169952614137,0.02500747134536505,0.0037582780891098084,0.08499677385389805,0.029621800038984267,0.003109146736850976
0.25,35,0.008849876697175204,0.0017973875598981976,0.02820995643362403,0.025061370777398714,0.0017907758330653804,0.024091682463884354,0.003799670736771077,0.08116804617643357,0.02961382033746353,0.0031541620631723023
0.25,36,0.008551639869809152,0.0016969473239732906,0.027418770235031843,0.024452588834907203,0.0016795296013673627,0.02429404405504465,0.003791631138883531,0.08200965222716332,0.030057528936423692,0.003132923347947344
0.25,37,0.008638803816400469,0.0017438298193737864,0.027579895950853826,0.024718424613274715,0.0017229257536263201,0.024489457301795484,0.0038518545646220445,0.08255041117966175,0.029717468706854915,0.003237557049240233
0.25,38,0.008313152082264423,0.0016850085861515253,0.026512574046850205,0.02468419042270117,0.001678864411488929,0.023768989000469445,0.003624957394320518,0.08057612599432469,0.027989371177547576,0.002996855974447817
0.25,39,0.007813784946687519,0.0016074301222106441,0.024825419310480355,0.023818735514530672,0.001594751470918798,0.022963502056896685,0.003500092748552561,0.07785363581776619,0.02890774660206772,0.002905078965732768
0.25,40,0.007867733540013433,0.0015874740352155641,0.02512103793397546,0.024008324053532006,0.0015785953564893158,0.023705237455666064,0.003891289109364152,0.07925579369068146,0.02959245898373903,0.00327066524525329
0.25,41,0.007442753839306533,0.0014710156676592306,0.02388695263490081,0.02292727124207138,0.0014591914535937338,0.02339909654855728,0.0038419446386396884,0.07822860729694367,0.029329774339761732,0.0031801087197530467
0.25,42,0.007516606081277132,0.0015111816251883283,0.02402169783785939,0.02333375478700663,0.0015049807054384487,0.02478614453971386,0.003508576917462051,0.08511027051508427,0.028376660343579028,0.0029361973927020794
0.25,43,0.007283668070100248,0.0014639668829040601,0.023278804752975703,0.022777100528117208,0.0014478154311247371,0.02340880284830928,0.0033966439836658536,0.08004863546788693,0.02731945773021678,0.002771599048453132
0.25,44,0.00712888209708035,0.0014331672536209226,0.022782859396189452,0.02298696535554338,0.0014291908102459997,0.0231453262232244,0.0036174870333634318,0.07811135600507259,0.0282905522997973,0.003049578785791121
0.25,45,0.0069222734719514845,0.0013786469058832153,0.022174506328999997,0.02253146184142454,0.0013699968065062653,0.022603707969188692,0.0032522144904360176,0.07740597376227379,0.02750604322937883,0.002670639003974147
0.25,46,0.007006912787444889,0.0013937946596415712,0.022452472511678933,0.022702941846337556,0.001388841856328318,0.024843196123838424,0.003829395215958357,0.08405520343780518,0.03082058247839665,0.0030854270816936167
0.25,47,0.006696708438917995,0.0013106304951943457,0.02154431178420782,0.021754333352790735,0.0012996796628092391,0.02415855161845684,0.0036395707447081805,0.08207592371106148,0.031015741723763427,0.002981394754311515
0.25,48,0.006466723412275314,0.001276068995008245,0.020762617621570827,0.021692629548981122,0.0012601357983976953,0.023632523611187936,0.003458456211723387,0.08069626975059509,0.030640056977617226,0.0028731716985908066
0.25,49,0.006289888918399811,0.0012463729213923215,0.02017406400293112,0.021568422332099452,0.001236899303661598,0.02370912776887417,0.004185683804564178,0.0780937764197588,0.03225714755375833,0.0035888016638785116
0.25,50,0.006379074018448591,0.0012412592014297843,0.02055125930532813,0.021645123407617737,0.0012275549211075072,0.023508336648344993,0.0033062122012488546,0.08080849750339984,0.02660158863438663,0.0027262120501957655
0.5,1,0.23189822998642923,0.05469102514907718,0.35441441017389297,0.1710506067977755,0.05477552874692776,0.1450701028108597,0.031905521005392075,0.22632916259765626,0.12985103088902897,0.029930325734332006
0.5,2,0.1280424607694149,0.028220762390643358,0.19964339554309846,0.12751410949887346,0.02808307903311382,0.1172273262143135,0.024430153034627436,0.18559434807300568,0.11166180632467448,0.022855733250101803
0.5,3,0.10373732955753803,0.0238767912350595,0.1597210769057274,0.11491841458842196,0.023768466223688497,0.09516832506656647,0.022896272905170916,0.1445441022515297,0.11049126778029845,0.02120991701332025
0.5,4,0.08686119636893272,0.019942894984036685,0.13383660246431828,0.10201324581803904,0.019872369546584605,0.08273698109388351,0.02212538792937994,0.12122318512201309,0.10743362307940862,0.020464928903501312
0.5,5,0.07786787086725235,0.017818466117605566,0.1200988096743822,0.09422033495691927,0.017693145982989964,0.0803463628590107,0.020308463245630265,0.12007579946517945,0.0906217507303772,0.01869293556305804
0.5,6,0.07016463829576969,0.015724062893539666,0.10888115069270134,0.08635988039453772,0.015646241125838515,0.0738665671646595,0.01871583253145218,0.11030147010087966,0.09087515036926189,0.016955817528599617
0.5,7,0.06437875614315271,0.014173883560113608,0.10040974499285221,0.08038868273876384,0.01411259551796238,0.07003056639432907,0.015838780596852304,0.10838357281684875,0.07905236496327062,0.014352395708380001
0.5,8,0.057665834739804266,0.012283839260227978,0.09076399101316929,0.07269146847088087,0.012213146866635449,0.06795522254705429,0.01324859657138586,0.10941324931383133,0.06719791200844384,0.011710580586702579
0.5,9,0.05399381275475025,0.011293936121277512,0.08539975336194039,0.06894359670066395,0.01119690264866479,0.05927030023932457,0.013083822548389435,0.09237295562028885,0.07588728046226242,0.011552640096634698
0.5,10,0.049515403792262075,0.010118562393821777,0.07879368264228105,0.06415830319449196,0.010033740292648098,0.05801671549677849,0.0119277384839952,0.09217795410752297,0.06761384629041924,0.010395228932047853
0.5,11,0.04490944252163172,0.008953849158249795,0.07191118666529656,0.059226585345088845,0.008908881890759024,0.05778865347802639,0.009094980893656611,0.09738734513521194,0.05140563740245522,0.007943120226196176
0.5,12,0.04144893616437912,0.008184547607786953,0.06652877697348594,0.05582372738158447,0.008083229060398286,0.052591585502028464,0.010305077413097025,0.08457301542162896,0.059333846093012135,0.008962100943505573
0.5,13,0.03956890019774437,0.007733053809031844,0.06367169282585382,0.054185977772311884,0.007650715005275877,0.050601504758000376,0.009975254157558084,0.08125250259041786,0.05542595151469011,0.008681138054342171
0.5,14,0.03660598703846336,0.006911893690004945,0.05938818679004908,0.05090752887339249,0.006858359370084376,0.051346866682171824,0.010072670912370086,0.08254839089512825,0.05588376748953029,0.008814452507648708
0.5,15,0.034346114311367276,0.0064217277048155665,0.055848773159086706,0.04830922706860003,0.006351649152434221,0.047669037237763404,0.01014846826903522,0.07504113829135894,0.058157313169371956,0.008868908732885332
0.5,16,0.03190042129158974,0.005768381320405752,0.052264079928398134,0.04519275556308209,0.0057219384423933045,0.0494352757781744,0.007548217102885247,0.08377411682903767,0.05377463818417843,0.006388813511403006
0.5,17,0.02998986190930009,0.005492195177823305,0.04899533341825008,0.044085877947878195,0.005416393038727999,0.04837112984061241,0.00666097099147737,0.08342031757533551,0.042567004727133234,0.0055938170628793225
0.5,18,0.028538367480039597,0.005033057483844459,0.04701061981171369,0.04172920903187002,0.004976796041656883,0.04652705471217632,0.0072909190990030764,0.07847227163612842,0.04352627554095152,0.006211590573575425
0.5,19,0.027215517558157445,0.004780819220468402,0.04486939648538828,0.041020825312553647,0.004739163865980203,0.044657443590462205,0.005566955903545022,0.07818097494542599,0.03887073927202266,0.004600441115424357
0.5,20,0.025423052560538055,0.004382329803658649,0.042081445641815665,0.03913894845136538,0.004365668021089789,0.045056919708848,0.006814578028395772,0.07648468255996704,0.05384145968317937,0.005768335939243361
0.5,21,0.02624373620375991,0.004544870287179947,0.04339773182198405,0.04017153653957707,0.004517879402227623,0.046900629475712774,0.005877581747248769,0.08204609566926956,0.04388906202327904,0.00487687368094967
0.5,22,0.024322156079113484,0.004177630408899858,0.04028905140608549,0.038156992910633326,0.004139541124562451,0.04652786830812693,0.005398888778872788,0.08225795944035054,0.03678082745978407,0.004410202878213668
0.5,23,0.022770754262804983,0.003978454585187137,0.037584599275141954,0.037188120905981406,0.003934210635582272,0.04300375535339117,0.005549834341742098,0.07490784204006196,0.03780554883655673,0.004583235077685476
0.5,24,0.02072362701408565,0.003415632418124005,0.03461598919704557,0.03378694413022062,0.0034097963530787265,0.04431515610963106,0.005631524659693241,0.0773672625720501,0.04026539674344895,0.004581729835644724
0.5,25,0.02089196468144655,0.0035533310419414194,0.03467726735770702,0.034710365454542536,0.0035329597255094694,0.0439114181548357,0.005114159030839801,0.07759451843798161,0.03869812698549108,0.004145880727199103
0.5,26,0.020725951250642537,0.003452997053740546,0.03454590841382742,0.03453133792446816,0.0034141156648182128,0.04394891376793385,0.004962532648816705,0.07797276178002358,0.03828753206694261,0.0040706250052618175
0.5,27,0.019438565298914908,0.0033113798175472766,0.0322543708793819,0.03396393987674341,0.0032590887260559825,0.04603873161971569,0.0060489137619733815,0.07997963503003121,0.04875197311146424,0.004971275006970303
0.5,28,0.018947760429233313,0.0031276955602224914,0.03164012973755598,0.032811819726044626,0.003093197269802781,0.04455194168537855,0.004776154560502619,0.07955157500505447,0.03558152490237623,0.003843739533837419
0.5,29,0.017664324913173914,0.002860093884635717,0.02960846197977662,0.031112702690299487,0.0028374797821673968,0.04070035318285227,0.004830320024862885,0.07174006529152394,0.037314370835713775,0.00395831775627218
0.5,30,0.016580491051077843,0.002706997495377436,0.027746987111866475,0.030310444425538364,0.002681191877502847,0.0432783984541893,0.004965987147763372,0.07662482313811779,0.03670121497413921,0.004081584411450561
0.5,31,0.01699214589037001,0.002861440771492198,0.02826141018047929,0.031201583383909055,0.002835817368080793,0.04365403042733669,0.004290814076084643,0.07872643189132214,0.03302474870232059,0.003403356590736861
0.5,32,0.01623784467764199,0.0026765957507304847,0.027122497864067556,0.030432295722995842,0.002658230103045882,0.04373679751157761,0.005316925507038832,0.07683974504470825,0.036930568204574465,0.004519745697286044
0.5,33,0.01559801883623004,0.0025549170174635947,0.026086203664541244,0.029289141609601953,0.0025239649155560074,0.04140274748206139,0.004146038668695837,0.07451341812312604,0.032643902283924386,0.003375606476061034
0.5,34,0.01488334510475397,0.0023968512814026327,0.024972987722605467,0.02842933986163396,0.0023788532166443984,0.04325394506752491,0.004079825442284346,0.07834823974967003,0.03162840735856728,0.0033186307973912315
0.5,35,0.014502705642953514,0.0023495476932730527,0.02430631586164236,0.028358564673365387,0.002337047835284734,0.04227278256416321,0.004447452558204531,0.07565065996348858,0.03223762866414038,0.003695179679411365
0.5,36,0.014110551044344902,0.0022824347065761685,0.023656232580542565,0.027766810045436498,0.002260132815379467,0.04192871417850256,0.0037539407471194864,0.07634954652190208,0.030390360938943924,0.0030509440128875676
0.5,37,0.013874239599332214,0.002230012140935287,0.023288454949855805,0.027422082425391126,0.0021986198343000906,0.03979223819822073,0.004001579959876835,0.07158131685853004,0.031680841161301765,0.0032409427964119543
0.5,38,0.013658008668571711,0.002191048931214027,0.022933919474482537,0.02742118533040448,0.0021774464748107137,0.04218989627063274,0.0038192223459482194,0.07674134768545628,0.030466228687213773,0.0030710056375933318
0.5,39,0.013705031219869853,0.002181014447007328,0.023048033598810434,0.0274954399702215,0.0021608815802778235,0.04105285956710577,0.0040056543247774246,0.07409441094100476,0.033509538155077,0.00326976647836535
0.5,40,0.013927134968340396,0.0022066380891483275,0.02344099374487996,0.02754416828102298,0.002194312326354421,0.039674555122852326,0.003654238357208669,0.07204063419997692,0.029691922087486593,0.0029825382706277644
0.5,41,0.013128918828442693,0.002109436644008383,0.022038964379578828,0.02691728628826395,0.002089745209106826,0.039295657992362974,0.00381705855904147,0.07095719893276692,0.03258761165840022,0.0030898084901349945
0.5,42,0.011927098957821727,0.0019227119015995412,0.020008774112910032,0.025427144223997257,0.0019114910960791342,0.04112989255785942,0.0036310837417840957,0.07499761804938317,0.0297929868960837,0.002969210518292482
0.5,43,0.011600847277790307,0.001882662258343771,0.019436370069161057,0.0250934763244157,0.0018582481224562511,0.04113384748995304,0.0038922992534935474,0.0744830955862999,0.02936264071636767,0.0031757536539551877
0.5,44,0.012773673789575696,0.002044544751639478,0.021458258140832187,0.026904707997161322,0.002031517706511609,0.040636125758290294,0.004230446870438755,0.07281135764718055,0.031353141500768116,0.0035003485697056333
0.5,45,0.012709993477910757,0.0020517597049474717,0.021316467620432378,0.02694163725030823,0.0020328126238185187,0.04180405113101006,0.00370778751000762,0.07619252601265908,0.02896191142459274,0.0029973778884377434
0.5,46,0.011193258094601333,0.0017458399570314215,0.01889483628794551,0.024194423562155454,0.0017400858352831195,0.04035568865388632,0.0037025217730551957,0.0733063350468874,0.03245300901585072,0.002953848298647146
0.5,47,0.01083425877802074,0.0017283915264997632,0.018211734611541033,0.024224857001014226,0.0017095243819256404,0.04313220187276602,0.004054993262514472,0.07815441657602787,0.029489864927796493,0.003346315888135224
0.5,48,0.011207548514939845,0.0017824659954058005,0.01885016505420208,0.02463977473522485,0.0017600988916587916,0.04166280160099268,0.00387796359276399,0.07556967709958554,0.029897483519131587,0.0031911429959134993
0.5,49,0.011085741695016622,0.001762292544124648,0.01864689835719764,0.02490257580529747,0.0017449970472484095,0.03979120159894228,0.004495180632919073,0.07059204232692719,0.03362553085233762,0.0037692002897317467
0.5,50,0.011073914943262935,0.001809925075620413,0.01852797969803214,0.02513786901671044,0.0017830503858484086,0.03967912773787975,0.003420208100229502,0.07251783883571625,0.027820920636352952,0.002764055245183385
0.75,1,0.3090081828534603,0.059412640899419784,0.33279405742883683,0.17730186498334602,0.05948692209986613,0.19700333309173584,0.030458331391215326,0.2220600037574768,0.12888892548422473,0.02860836052933659
0.75,2,0.17687547180056573,0.02923803987726569,0.1968499091565609,0.1304289590126475,0.02909728559725478,0.1663945425748825,0.029003423906862735,0.1831881583929062,0.12986296750486676,0.02724396089758691
0.75,3,0.14050105147063732,0.024847478602081537,0.15420476403832437,0.11762291793359811,0.024757779603464,0.1312172372341156,0.025335886754095555,0.141175133228302,0.11785581222330524,0.02364460566467146
0.75,4,0.11554464864730835,0.021007919367402792,0.12604897265136242,0.10559079216844797,0.020930227155993675,0.10835317134857178,0.02224485298246145,0.11481109118461609,0.10562802679343092,0.02070374601890985
0.75,5,0.10041329915821552,0.01840176110342145,0.1093487169444561,0.09614512241120647,0.018277756120497805,0.10428734982013703,0.017099447444081307,0.11625053632259369,0.08327908436660998,0.015573993503246855
0.75,6,0.09057343312352896,0.016383195044472814,0.09892031764984131,0.08911660080797314,0.01630562478249627,0.0946993015408516,0.02110784025490284,0.09812194842100143,0.10329179395295782,0.019342960440581442
0.75,7,0.0808277402073145,0.014480797059834004,0.08846259094774724,0.08213007686683041,0.014435544218142912,0.09783011144399643,0.017843789339065552,0.10664843010902404,0.07877394570146738,0.01619976569215081
0.75,8,0.07298868267983198,0.012914213403128087,0.08009929231554269,0.07556886155307463,0.0128537193314755,0.08516809770464898,0.012953393593430519,0.09628627195954323,0.07041622789233692,0.011474329622252996
0.75,9,0.06721504890173674,0.011751518680714071,0.07395137367397547,0.07117567527989585,0.011639159712548502,0.07469389989972114,0.013334526665508746,0.08181249853968621,0.07731711621889054,0.01186276144980249
0.75,10,0.06149372094869614,0.010609860070049763,0.06784514822810889,0.06669466731627235,0.010526830621759024,0.07441477462649346,0.011470571164041758,0.0839256048798561,0.06401763779675311,0.010063411992379197
0.75,11,0.05498727773502469,0.00924266692623496,0.060992814354598524,0.06138198951509206,0.009196586021076758,0.07196244215965271,0.011237357527017593,0.08096678012609482,0.060093393573296454,0.00995027556325278
0.75,12,0.050682483069598674,0.008418572396039962,0.05635188075900078,0.057390037015849625,0.008323165878141359,0.06767584899067879,0.01089339480921626,0.07570993854105472,0.06037247768111628,0.009618426690526953
0.75,13,0.047244316086173056,0.007625276158563793,0.05282538640499115,0.05392047168473926,0.007553762379708189,0.0647816092967987,0.010600670523941516,0.0722412516772747,0.0615705271577801,0.009378535088765818
0.75,14,0.04479142913594842,0.007126880746334791,0.050219397611916065,0.05203115042890006,0.00707343185436041,0.06640494590997696,0.009734373850747944,0.07556076389551163,0.061257911586925756,0.00856152413637767
0.75,15,0.04133180501684546,0.006551846015267074,0.04637327863276005,0.04943880430624305,0.0064766713195163455,0.05986426851153374,0.00981939365901053,0.0667265002131462,0.05574723586126841,0.008621297538687017
0.75,16,0.039031789638102055,0.005962732827989385,0.04409207569435239,0.046940039765957516,0.005920801527816911,0.06229845632612705,0.007261960466392338,0.0733819950222969,0.05067510473833861,0.006219597032617331
0.75,17,0.03748611991479993,0.005728877603076398,0.04234299006685614,0.04522215788322112,0.005651560220761469,0.05861938148736954,0.005988685748539865,0.07017426045238971,0.0428397078197757,0.005097101763573861
0.75,18,0.03570017928257584,0.005379231027793139,0.04042793117836118,0.043830658378189634,0.005320132367513009,0.05886553207039833,0.007712483793497086,0.0682040646225214,0.05119155129536496,0.006697827592032357
0.75,19,0.03300345044955611,0.004922744371928274,0.037440941620618104,0.04177109547569635,0.004880542565796963,0.056474210932850835,0.006744029191322625,0.06630690884590149,0.04418358544285734,0.0057753621133661386
0.75,20,0.030531158890575172,0.004540695781819522,0.03465395095944405,0.03995308377234533,0.004526941781987819,0.05642652113735676,0.005992038905620575,0.06724597516655922,0.04065236431836811,0.005057385469897729
0.75,21,0.029123383335769176,0.004283772537484765,0.03311948094516993,0.038396910935997765,0.004258481260821449,0.057055733025074,0.005503496901132166,0.06873631358146667,0.044376717641130124,0.004686800045818381
0.75,22,0.028376728530973196,0.004145302966237068,0.032308567382395265,0.03792686326408261,0.004111107279662173,0.057753216087818145,0.005590489123016596,0.06955030170083046,0.03979080591479191,0.0047508135477407985
0.75,23,0.026969004910439253,0.003916140377754345,0.030737152811139822,0.03724066006654093,0.0038764549447337093,0.05376672901213169,0.005042312386445701,0.06496588853001595,0.0376578091476524,0.004278239799097115
0.75,24,0.02571067624539137,0.0037085970372427255,0.02933610563352704,0.035902631957181116,0.0036988476907985545,0.0583466649800539,0.005787042737007141,0.07007949547469616,0.040215197035961235,0.0050323060778859115
0.75,25,0.02491694701462984,0.0035735765749122946,0.028457827273756266,0.03478863635975182,0.0035503009135669306,0.0585088998824358,0.004676285605877638,0.07177681851387024,0.03624292252943692,0.003933715634661015
0.75,26,0.023858495166525245,0.0034240965116769076,0.02724586485698819,0.034329405050117404,0.003378627829340508,0.0516872226819396,0.005063992061652243,0.062164307668805124,0.039750100958506424,0.0042800488601273095
0.75,27,0.022782880764454602,0.003239574152743444,0.0260577421374619,0.03338315778795161,0.0031848270181911273,0.05429928658902645,0.004686469651758671,0.06615042173862458,0.03969879597022687,0.003962004303092417
0.75,28,0.022731955952942372,0.003264131214702502,0.025957099691033363,0.0332898036212361,0.003218826025703141,0.06196060645580292,0.00636881485581398,0.07412238912284375,0.04139293121820424,0.005439020008900125
0.75,29,0.021821709401905538,0.00306327908183448,0.025011240508407355,0.03262587168807016,0.0030405193809669396,0.05446830517053604,0.004649245536886156,0.06642541375756264,0.03404179805150151,0.003903975747602386
0.75,30,0.020584343986585735,0.0029224981961306186,0.023549127731472254,0.031438743238922165,0.0028949201904047493,0.05663194023072719,0.005134759885258973,0.06866290797293186,0.036426516862623,0.0043480637141867316
0.75,31,0.0206561096124351,0.0029503547970671207,0.02360767307691276,0.031983385236315394,0.0029269240260125663,0.05123441557586193,0.004520503668114543,0.062285216197371485,0.036449134849846555,0.0037721683845038127
0.75,32,0.019775359101593493,0.002745110755553469,0.022706997733563185,0.03029079556375493,0.002729920488266805,0.05446907102316618,0.004644223765935749,0.06643312975764275,0.034776386733102065,0.003913778650218555
0.75,33,0.018826246701180934,0.002630603695521131,0.021594190631061792,0.029655669467233695,0.0025969689864363574,0.054317691564559935,0.004379634871147573,0.0665840753018856,0.03347495221831896,0.0036775618493152117
0.75,34,0.019679084062576294,0.0026759835528209807,0.02267080061882734,0.0301203639846892,0.002653129599157466,0.05405099286139011,0.004210664074867964,0.06645377223193645,0.031791033224653945,0.0034930471747689155
0.75,35,0.01831309930048883,0.002486001083860174,0.021102797657251357,0.028987223375898895,0.0024745457628840167,0.05278212121129036,0.004065838632173836,0.0649550430625677,0.03647391812106136,0.00343224028219551
0.75,36,0.0176660072337836,0.002590689890552312,0.020100423159077764,0.030345344088479276,0.0025678586608371048,0.052872873142361644,0.003883702558465302,0.06531889414787292,0.031922885447128256,0.003240687329450288
0.75,37,0.018007656484842302,0.0025013800435699524,0.02067503524944186,0.029311901420905416,0.0024688003271931686,0.05395490752160549,0.003923116853460669,0.06670905482769013,0.031005847140700687,0.003261052671304302
0.75,38,0.017697082066908478,0.0024878553391899914,0.0202789689861238,0.02921716322316971,0.0024746571766855285,0.053518169842660425,0.0038488225522451103,0.06622579626739025,0.0312714211495302,0.003210191339988554
0.75,39,0.016112532703205944,0.0022794802747666838,0.018444069929420947,0.02786378316580508,0.0022672140820523133,0.05454857175052166,0.004400348354130983,0.06686429706215859,0.04128813712538092,0.003747782343190526
0.75,40,0.01681794693134725,0.0023798363821115344,0.019250814007595183,0.028531922435051406,0.0023659192434768578,0.0522393416762352,0.0037370109083130956,0.0646697746515274,0.0311740856251593,0.0031527536412192824
0.75,41,0.016351318133994937,0.0023015545164234937,0.018733018171042205,0.028205022860466097,0.0022813185461367457,0.051151585392653943,0.0036297744894400238,0.06336241537332535,0.032891212821218804,0.0030351264020026724
0.75,42,0.016653216617181898,0.002412747438531369,0.018987292246893047,0.02911385522815771,0.0023961322602569185,0.05178725627064705,0.0038588459999300538,0.06390454605221749,0.030240337897046245,0.0032415390557244956
0.75,43,0.014899470886215568,0.0020745210002642124,0.017099933184683322,0.026359796584373176,0.0020546786875667803,0.05413042194396257,0.003511279163416475,0.06749219085276127,0.029414964931300996,0.0029328996772240413
0.75,44,0.013852169370278717,0.0019950140345608817,0.01580954034999013,0.025938759855308937,0.0019824179393009506,0.052440358340740206,0.0036875726454891266,0.06500371469557285,0.029194814137794216,0.003067351832716458
0.75,45,0.014271217208355665,0.001977209603297524,0.01639201014302671,0.025800029535417275,0.001960167638183451,0.050693834468722346,0.003653615841176361,0.06272029216587544,0.030812640428065606,0.003027596435361491
0.75,46,0.0140196463894099,0.001948174315271899,0.016095296004787086,0.025512730665636307,0.0019387730596970281,0.051812508210539815,0.0034882163596339525,0.0644323891401291,0.02930960494870958,0.00291737126777842
0.75,47,0.013754573944956064,0.0019392591352807359,0.015753753086552025,0.025478609577141285,0.0019167589320164713,0.053378911465406416,0.00343280567182228,0.06659480798989534,0.029897713219436805,0.0028643469505763635
0.75,48,0.014049176773056388,0.001966193916159682,0.016110643910244107,0.02599447554608872,0.001941395472066199,0.05515597189962864,0.003934344200417399,0.06829550316929817,0.029663813210498012,0.0032843339510488755
0.75,49,0.013383904464542866,0.0019362474670633675,0.01526354263536632,0.025668779628971617,0.0019162613082076142,0.050201471574604514,0.004004089686088264,0.06159650988131762,0.034590623750156806,0.0033778694140691227
0.75,50,0.013139706417918205,0.0018803836788283661,0.015012430239468813,0.02543019194924904,0.0018500233161412635,0.05141612846404314,0.003384356298018247,0.06404236178845167,0.029298996101609014,0.0028059419053106027
1.0,1,0.39292915725708005,0.06510832121223212,0.3278208355307579,0.18667808701565844,0.06513578795803601,0.24386339712142943,0.03266483893990517,0.21119855856895448,0.1319519675946821,0.03083782317052293
1.0,2,0.219446162879467,0.029848770696669816,0.18959739178419113,0.13231528829881198,0.02970366538699349,0.20260545420646667,0.030092025220394135,0.17251343023777008,0.1286286864446251,0.028330068912946593
1.0,3,0.175680560618639,0.025691406428813936,0.14998915402591229,0.1208645371985311,0.02559841276576629,0.16639345777034759,0.024503989845514298,0.14188947010040284,0.11269495716038608,0.02258250316100957
1.0,4,0.1441537306010723,0.02209492739289999,0.12205880360305309,0.10972454577125301,0.02201767097044367,0.13694178158044815,0.022894024334847926,0.11404775649309158,0.10719040702551738,0.021043200370181987
1.0,5,0.12854985669255256,0.019598077734932304,0.10895177887380122,0.10104391117389802,0.019479897131536,0.13276860415935515,0.022329535394906997,0.11043907016515732,0.0995072657749145,0.02056633577829896
1.0,6,0.11778502117097378,0.018256908528506754,0.09952811251580715,0.09653082985451478,0.018182904229911433,0.12184465962648391,0.020230076603591444,0.1016145840883255,0.09450660187238144,0.018458454538429776
1.0,7,0.10698868123441935,0.016481190677732228,0.09050749064981937,0.08989809288942273,0.016412743613953132,0.12092646399140358,0.019130365192890166,0.10179609858989716,0.08688748452652836,0.017363878190847157
1.0,8,0.09787871235609055,0.015207233412191271,0.08267147891223431,0.08536214975984549,0.015134787743855148,0.1106508931517601,0.01628693678975105,0.09436395758390427,0.08545187984366275,0.014633891779593459
1.0,9,0.09066995242238045,0.013999860829673708,0.07667009177803993,0.08095098825074344,0.013868142550898705,0.10437883114814758,0.015674507476389408,0.08870432358980179,0.08765806106736847,0.014062271210589119
1.0,10,0.08445512662827968,0.01315791108738631,0.07129721577465534,0.07787207949582163,0.013065449251516918,0.10207950755953789,0.01497936949133873,0.08710013756155968,0.07979504810305096,0.013402924611718943
1.0,11,0.07595618403702974,0.01158736267592758,0.06436882118135691,0.07178423032261692,0.011537145412007484,0.09565824303030968,0.014100610621273518,0.0815576325058937,0.07635859631858313,0.012572558555957234
1.0,12,0.06970365105569362,0.0105680788801983,0.059135572388768196,0.06768463887279531,0.010466049550782886,0.09292043110728264,0.012639420446008444,0.08028101155161857,0.06986897032098917,0.011244116144273925
1.0,13,0.06635199236869813,0.010061749909073114,0.056290242440998554,0.06561522588492201,0.009976127054228554,0.08661559548974038,0.011182611551135778,0.07543298472464084,0.06202158718158015,0.009809014854074809
1.0,14,0.06092612847685814,0.008893155890516936,0.0520329726561904,0.060851243496942146,0.00883895890378673,0.08550281128287315,0.011840370185673237,0.073662441521883,0.06853025172562559,0.010431592271416225
1.0,15,0.05552854800224304,0.008232024408876895,0.047296523265540596,0.05776575545079643,0.00815273414555808,0.08342270210385322,0.011759332649409772,0.07166336858272553,0.06627869466111641,0.010382834643560863
1.0,16,0.05311924799531698,0.007515282136388123,0.04560396586358547,0.055113396244306716,0.007467001769699669,0.08243286150693893,0.009090592451393605,0.07334226962924004,0.059864972233179596,0.007996764702000437
1.0,17,0.05048588815703988,0.0072973488629795615,0.0431885393448174,0.0541773096306116,0.007204814558062907,0.0820013857781887,0.008836586797609925,0.07316479827463628,0.05237216569344814,0.007569922154810178
1.0,18,0.04748327751085162,0.006634263156447559,0.040849014405161144,0.05104839957240451,0.006567678585651683,0.07847283691167832,0.008746017077937722,0.06972682063281536,0.052026113194898284,0.007605406397666496
1.0,19,0.0439497522637248,0.006153749135322869,0.03779600309208035,0.049061380513483376,0.006099612345612014,0.07867464396357536,0.008286592552438379,0.07038805197179318,0.05485276059456727,0.007163505538305315
1.0,20,0.04061513809487224,0.00546834575291723,0.035146792370826005,0.045455266492474555,0.0054489683402940674,0.08044102182984351,0.006646846873685717,0.07379417487978936,0.05058151152051033,0.005714692333263054
1.0,21,0.03884385831654072,0.00519014796288684,0.03365371034666896,0.04390260703630202,0.00516020891952317,0.07482522395253181,0.0069112698808312415,0.06791395430266857,0.05064946682919321,0.005928628004216821
1.0,22,0.03729274544119835,0.004929806724190712,0.03236293872818351,0.04311143658946062,0.004897479032085209,0.07485009109973907,0.006312833547592163,0.06853725691139698,0.042946704700861524,0.0054145745415815315
1.0,23,0.03476146871969104,0.004548029074911028,0.0302134396545589,0.041096473941645784,0.004505359859254174,0.07181646808981895,0.006681977251544595,0.06513449095189572,0.04736169172602488,0.005747256478600436
1.0,24,0.03513022412545979,0.004640181732363999,0.030490042282268405,0.041498824730907206,0.004634662590287861,0.07550831224024296,0.006560538095422089,0.06894777418673038,0.042115265673008884,0.00565190192486207
1.0,25,0.035020230289548634,0.004628249023575335,0.03039198124781251,0.04179788320142023,0.004599487251431471,0.07336305174231529,0.0057466806313022974,0.06761637066304683,0.04204948384903753,0.004887956214809582
1.0,26,0.03410351875796914,0.0044907714435830715,0.029612747326493265,0.04117615614991432,0.004442666562446757,0.07183935576677322,0.0063550502844154835,0.06548430573940277,0.048598426431089824,0.005454044015614951
1.0,27,0.030668913498520852,0.004044478123774752,0.026624435357749464,0.038707203296587014,0.003984917707719536,0.07447994799911976,0.004717230725102127,0.06976271726191044,0.03703689842319752,0.003986097846483898
1.0,28,0.028308304231613873,0.0037125951875932517,0.02459570910409093,0.03666532874440814,0.0036697671865033653,0.07084918561577797,0.005611495092511177,0.06523769028484822,0.04004227320219628,0.004833638169706271
1.0,29,0.028630614988505842,0.003648285531438887,0.024982329465448858,0.036373196013872997,0.0036208705164582997,0.07077740125358105,0.005403782651759684,0.06537361808121205,0.037778616736216124,0.004599210379639672
1.0,30,0.02627857507020235,0.00342133153998293,0.022857243575155735,0.03469535901671285,0.003396109485123815,0.07578709827363492,0.00480842618830502,0.0709786726385355,0.03590874157521146,0.004076777076430026
1.0,31,0.026493590455502272,0.003399290800327435,0.023094299629330635,0.034622372550010265,0.003369308054318307,0.07154941730201245,0.006030937847681344,0.06551847989857197,0.04467127856497968,0.005153784784881958
1.0,32,0.02963575582206249,0.003779063755646348,0.025856692042201757,0.03745001664686862,0.003758389648201085,0.07309703175723553,0.004961517853662372,0.06813551507890224,0.03734813344152548,0.0042060686507088205
1.0,33,0.024887272875756025,0.0031569230111781507,0.021730349905788898,0.033618524624550825,0.003118796661106882,0.07374430078268052,0.004339988289400935,0.06940431191027165,0.03458580001703476,0.003700627628088034
1.0,34,0.023687975134700535,0.0029319717253092677,0.02075600337423384,0.03226267577866405,0.002909575461624061,0.07159110383689403,0.005011901057325303,0.06657920278608799,0.036527023661622963,0.00424761346793483
1.0,35,0.022986364712938665,0.0028374380026943984,0.020148926723748444,0.03162344495735902,0.0028265589682516376,0.07433675093948841,0.0050662172893062235,0.06927053399384021,0.03622678022629196,0.004336068448674059
1.0,36,0.022915041968226434,0.0028027681922540067,0.020112273784354328,0.0312789427892763,0.002779475352532859,0.07407720616459847,0.004345360468141735,0.0697318462729454,0.0345232593741582,0.0036611835918140957
1.0,37,0.022358062045648695,0.00283412971184589,0.019523932363837957,0.031837169756830826,0.002800477907938868,0.07146364383399487,0.004040203304961324,0.06742344011366368,0.03284557984643024,0.0034214474097297664
1.0,38,0.022059724943712354,0.002840063801733777,0.019219661140814425,0.03145530608010582,0.002819725369590258,0.0730377661138773,0.004112025859765708,0.06892574073374272,0.03357921940818607,0.003480428190386122
1.0,39,0.02059788496233523,0.0025592486602254213,0.018038636336103083,0.029938649782670024,0.0025474403809519334,0.07394743093848229,0.004308125896379351,0.06963930444419383,0.03321476545497209,0.0036757660025971165
1.0,40,0.020006688330322504,0.002469928015372716,0.017536760289222002,0.02949959822429996,0.0024602140810730828,0.07140952228754759,0.0039617250971496105,0.0674477971419692,0.03127008380438185,0.003327534075816963
1.0,41,0.019030641743913293,0.0023752045067958532,0.01665543725900352,0.028839354633055377,0.002357448816987147,0.0729213003963232,0.004267794221639633,0.06865350618958473,0.035479717100507874,0.0036236111520710824
1.0,42,0.02133255539648235,0.00259233578806743,0.018740219611674547,0.030628701819114708,0.0025780222910429477,0.07240610049664974,0.00382583692856133,0.06858026292920112,0.03245818952037369,0.003214404532657729
1.0,43,0.019233817994594574,0.0023993438561446963,0.016834474116563795,0.028813186296143472,0.0023769130947189766,0.0737823077738285,0.004249259367585182,0.06953304862976074,0.03226922248663068,0.00360638082353828
1.0,44,0.01977041164971888,0.0024317857716232537,0.01733862585760653,0.0295182695928327,0.0024172091349024304,0.07578654044866562,0.004264769803732633,0.07152177082002163,0.03381791154942576,0.003648276961991886
1.0,45,0.01979609151184559,0.0024446766753681,0.01735141483694315,0.029462829052097985,0.00242877697879781,0.0740953730493784,0.003743958774022758,0.07035141584277153,0.03193012700368631,0.0031340361449530923
1.0,46,0.017952783811837434,0.0022452371516264976,0.01570754662528634,0.028138555030161955,0.002241006124819474,0.07050226026773453,0.0036025653947144745,0.06689969438314437,0.03156046997393426,0.0030151761456494062
1.0,47,0.018085344148799778,0.002256636839127168,0.015828707313165068,0.028343647740011472,0.002231387611094247,0.07237174645066262,0.004057574192993343,0.06831417246162891,0.03324574742893454,0.0034252780551591723
1.0,48,0.017800530618056656,0.0021605143861379472,0.015640016190707682,0.02752700757177479,0.0021366024378204236,0.07146894730627537,0.0035285705467686056,0.06794037750363349,0.03072185307198986,0.0029719953807250455
1.0,49,0.016959448309615256,0.0021379357979167254,0.01482151254452765,0.027393461834920467,0.002118743865041984,0.07202454550564288,0.00408132272772491,0.06794322262704372,0.03302362448240601,0.0034513207087504697
1.0,50,0.016718437286093832,0.002113799821585417,0.014604637444019318,0.02718283469842001,0.0020835297238968598,0.06708480063080788,0.00368616156373173,0.06339863932132721,0.030930817281659098,0.003133002378382192
2.0,1,0.7361090067625046,0.0784117890521884,0.32884860974550245,0.20681037734353802,0.07838359374730541,0.46905037546157835,0.03269865095615387,0.21817586255073548,0.1361801621660242,0.030920859897640717
2.0,2,0.41763604640960694,0.031965754054486754,0.19283514648675917,0.13945273891259868,0.03183583895188443,0.386932240486145,0.03224934469163418,0.1773414463996887,0.13418603270981755,0.030408947590981714
2.0,3,0.35630475062131883,0.029412797871977092,0.16344597658514975,0.13283149973799502,0.029289744649834987,0.334762197971344,0.029613869205117226,0.15257416546344757,0.12954562377801468,0.027736246623410322
2.0,4,0.29148609018325805,0.025980258621275426,0.1327529158294201,0.12310518473630926,0.025894815357708382,0.27057608604431155,0.027934762239456176,0.12132066199183464,0.12691001538951335,0.026070491316946155
2.0,5,0.25516137564182284,0.02362398314103484,0.11576869629323483,0.11543357348798662,0.023496713787429867,0.2587423845529556,0.023691377744078635,0.11752550280094147,0.1098818377436886,0.021892262218349206
2.0,6,0.23395212733745574,0.02190245606005192,0.10602483546733857,0.10957193937531472,0.021822495624104214,0.2446900771856308,0.025528130300343038,0.10958097344636918,0.11825080913146593,0.023606769117325937
2.0,7,0.21706887656450272,0.02054830839857459,0.09826028411090373,0.10525212371384761,0.020471394639189178,0.2292303138971329,0.021226224459707736,0.10400204387307167,0.09830336878400318,0.01939023977674767
2.0,8,0.198471716940403,0.019098561834543944,0.08968657787889242,0.10012971094068834,0.019020618861340786,0.21908175253868103,0.021381530106067657,0.09885011148452759,0.09942896316066943,0.019513768715569497
2.0,9,0.18529980047047137,0.018013593148440123,0.08364310337603093,0.09613997705543938,0.017873634447640133,0.19726218336820603,0.019195045396685602,0.08903356975317002,0.0938059145410263,0.01736047957996416
2.0,10,0.17322250650823115,0.01697327125631273,0.07812461778521537,0.0927024901790348,0.01686811974262079,0.2015182590484619,0.01789143927767873,0.09181340929865837,0.08765284156267739,0.0161983682707161
2.0,11,0.16166565550863743,0.01588761308044195,0.07288902113586664,0.08864797535592077,0.015833448886389566,0.1909962344765663,0.015813407495617868,0.08759141358733177,0.08140891379268808,0.01406215541214475
2.0,12,0.1508561877310276,0.015083380505442619,0.06788640360534191,0.08560152168542652,0.014943938517072042,0.17865411323308944,0.017683972008526325,0.08048507125675679,0.09160071644210639,0.01594439569665623
2.0,13,0.14236248828470707,0.014294979486614465,0.0640337544605136,0.0829359226195554,0.014208062374058323,0.1748473811149597,0.01607637831568718,0.07938550087809562,0.08700739022284822,0.01439130390888953
2.0,14,0.13080767980217933,0.013193768532015383,0.058806955605745316,0.07882040220875312,0.013117114465372887,0.17994107258319855,0.01561569280922413,0.08216268929839134,0.08061272124690659,0.013990699965257668
2.0,15,0.12502880761027335,0.01268550174869597,0.05617165288329124,0.07669300228912568,0.012586374237622043,0.17386877465248107,0.015906653128564357,0.07898106062412262,0.08259127398254328,0.014228467194804934
2.0,16,0.11860268737375736,0.012121789294295013,0.053240449003875256,0.07458685349852365,0.012050615823216199,0.16502318513393402,0.014057239357382059,0.07548297235369682,0.07836709664221657,0.012536503090861198
2.0,17,0.11534281554818153,0.011811538223177195,0.05176563877612352,0.0734349615822411,0.01170354814639469,0.16731730407476425,0.013126174930483103,0.07709556376934051,0.07480669708784066,0.011639091295149057
2.0,18,0.10574241039156913,0.01097470903210342,0.047383850753307345,0.07022825788949318,0.010870901602728666,0.15831462800502777,0.01424760178476572,0.07203351320326329,0.07876805801170422,0.012757935457272487
2.0,19,0.10075822004675865,0.010529550830833614,0.04511433449760079,0.06882042757194916,0.010461757491320717,0.15415943118929862,0.013103685472160578,0.07052787272632122,0.07204729992189743,0.011596298404092735
2.0,20,0.09681617443263531,0.01008117213472724,0.04336750101298094,0.06704914833476404,0.01004452490966296,0.15908315432071685,0.012966547448188067,0.07305830362439156,0.0749508387173995,0.011479660978624854
2.0,21,0.0957270926758647,0.00988917098287493,0.04291896077245474,0.06626867501740775,0.009839785254398454,0.15475450098514557,0.011850153785198927,0.0714521735906601,0.07242713719758744,0.010483556833343743
2.0,22,0.08931224465370179,0.009222446669824422,0.040044898942112925,0.06360163976615324,0.009148636749018143,0.15990635806322098,0.01157268176972866,0.07416683731973171,0.06446412593235233,0.010188257734480004
2.0,23,0.09156313948333264,0.009198027932085098,0.04118255593627691,0.06305922131528481,0.009132605848224161,0.1525667785704136,0.011171397674828767,0.07069769056141377,0.06390914680854183,0.009885956305688736
2.0,24,0.08038023682683706,0.008318227042444051,0.036031004931777716,0.05986143783589332,0.008300323493117844,0.1566329346895218,0.01048303397744894,0.07307495069503785,0.05843197212044539,0.00922427418108319
2.0,25,0.07833811387419701,0.008012768813874572,0.035162672482430934,0.058243301409095075,0.007989723713011387,0.15162710791826248,0.010874996598809958,0.070376055970788,0.062586777083652,0.009606190192446165
2.0,26,0.07925836804509163,0.00821236124355346,0.03552300332859158,0.05918683899414961,0.008125719330351016,0.15002335822582244,0.0105382509380579,0.06974255302548409,0.0645664380651618,0.009283821517649216
2.0,27,0.07496676186472177,0.007855132468976081,0.03355581469833851,0.05729385748718837,0.0077521693386975446,0.16186477571725846,0.009323855167254806,0.07627046072483062,0.06157736089545692,0.008121810269877001
2.0,28,0.07036170370876789,0.007312795744277537,0.031524453945457935,0.054998826987330614,0.007235201563895444,0.14954996687173844,0.009909321853891016,0.06982032272219658,0.059017694649381745,0.008636385015838112
2.0,29,0.06827067904919386,0.006931979460641741,0.030669349778443575,0.05335814999725199,0.006885235820215178,0.1474697031378746,0.009444942137226462,0.06901237995922566,0.0580330444761627,0.008265654549866419
2.0,30,0.06608715612441302,0.006725748675409705,0.029680703554302454,0.052238213109229464,0.0066828387445734775,0.15577930691838265,0.008550796190276742,0.07361425575613975,0.05456530627600912,0.007502648973425565
2.0,31,0.06284415271878242,0.006435469171963632,0.028204341802746058,0.050879311359265815,0.006385981613377223,0.15258165830373763,0.008699147442355752,0.0719412554949522,0.056809938406557944,0.007609389134569148
2.0,32,0.06118525223433972,0.006170591334346682,0.027507330384105445,0.04971561270695499,0.006138512334330338,0.15454010283946992,0.008172982465475797,0.07318356017768383,0.050218923858902864,0.007114709915337542
2.0,33,0.06189200452715159,0.0061403109007515016,0.027875846818089484,0.04950440202070975,0.006077232758171553,0.16723962432146072,0.008993657505139708,0.07912298268079758,0.05077876643723951,0.007876199485457511
2.0,34,0.05956841268390417,0.006002956004813313,0.026782728258520364,0.04902702702354833,0.005965495430696849,0.14406875193119048,0.0075917529668658975,0.06823849955201149,0.04845571939333139,0.006583120770049245
2.0,35,0.05562450166791678,0.005526941537857055,0.025048780094832183,0.04649321424528849,0.005502938982109793,0.15736933654546736,0.007776166792958975,0.07479658508300781,0.056689416240457445,0.006719164876175359
2.0,36,0.057911450162529944,0.005697604861110449,0.026106922686100008,0.047353271300014155,0.005652401577852626,0.15519252240657808,0.007442605048418045,0.07387495845556259,0.054527218551553465,0.006458105181882393
2.0,37,0.054781196743249896,0.005445994227658958,0.024667601332068443,0.046030523260827134,0.005389310235632245,0.14367350324988365,0.007794270571321249,0.06793961541354657,0.05065997924437124,0.0068041356610308214
2.0,38,0.052132220402359965,0.005120825557969511,0.023505697414278985,0.04423671771877211,0.005086628853292799,0.14450434640049933,0.006983557911589742,0.0687603942155838,0.049060685246314274,0.006006887781719029
2.0,39,0.049903135150671005,0.004923193681053818,0.02248997074365616,0.043354652421413314,0.004897371988333403,0.15143743258714676,0.007405544631183147,0.07201594324409961,0.04959967860190115,0.006383460446161885
2.0,40,0.05222045277059078,0.0051433269041590395,0.023538562968373297,0.04452409290632897,0.0051210832013457,0.1554664707183838,0.006890095341950655,0.07428818713128567,0.04775891070883259,0.005959454194545418
2.0,41,0.056639786995947364,0.005459033322520554,0.02559037685766816,0.046716591669128164,0.00542672503400194,0.14598149347305298,0.006499269069172442,0.06974111224710941,0.04516351640874738,0.005599724767775839
2.0,42,0.04866135761886835,0.00483838428882882,0.021911486692726613,0.042761342528406916,0.004800961654148984,0.1479017495214939,0.006658141631633043,0.07062180419266224,0.04842799620396426,0.005732158027643476
2.0,43,0.045983514547348024,0.004533971245400607,0.020724771577864884,0.04124353928097197,0.0044963525640038015,0.14804836440086364,0.006861494669690728,0.07059343494474887,0.04353131262636311,0.005980015834463065
2.0,44,0.04526907660067082,0.004387459470890463,0.020440808571875094,0.0404997005662444,0.004356996427948875,0.1507494806945324,0.006347587510943413,0.07220094729959965,0.04309561621125548,0.0054507532946233995
2.0,45,0.04697648565471172,0.004545750478748232,0.02121536753885448,0.04150226225926746,0.004512837834308965,0.145714693069458,0.006489455753006041,0.06961261893808841,0.046176264520209225,0.005557623782441784
2.0,46,0.04434231689572334,0.004283278012182564,0.020029519403353332,0.03958895370407327,0.004264436599310563,0.1522853257060051,0.008096069723367691,0.0720946277976036,0.04727526510963703,0.007102863009903606
2.0,47,0.04255529330670833,0.004200535405892878,0.019177378945052625,0.03893059193012007,0.004159148482522708,0.1414420863687992,0.006076190689578652,0.06768294824659825,0.04359005986179185,0.005168641339633524
2.0,48,0.04387707667052746,0.004228207467123866,0.019824434647336603,0.03981894223762519,0.004187106234970512,0.1533062282204628,0.005651016112416983,0.07382760637998581,0.042511423076582996,0.0047979372071229485
2.0,49,0.04442744886130095,0.00423283538967371,0.02009730672836304,0.03989778719362887,0.004195242832348076,0.15317420467734336,0.005881583619862795,0.07364631085097789,0.043048415349571365,0.005058794826786286
2.0,50,0.04029302278161049,0.003982583820819854,0.01815521947480738,0.038041155806715576,0.003931262048552545,0.15063784369826316,0.005468958782032132,0.07258444318175315,0.03865714149511961,0.00463817704033271
