map_size,structure_type,algorithm,component,completed_cases,mean_seconds,fraction_of_total
1000,bottleneck,full_map_unet_tiebreak,astar_search,50,0.3918568674799974,0.735607745166651
1000,bottleneck,full_map_unet_tiebreak,neural_inference,50,0.14084125873565673,0.264392254833349
1000,bottleneck,full_map_unet_tiebreak,patch_extraction,50,0.0,0.0
1000,bottleneck,full_map_unet_tiebreak,cache_lookup,50,0.0,0.0
1000,bottleneck,manhattan_astar,astar_search,50,0.20410435297999696,1.0
1000,bottleneck,manhattan_astar,neural_inference,50,0.0,0.0
1000,bottleneck,manhattan_astar,patch_extraction,50,0.0,0.0
1000,bottleneck,manhattan_astar,cache_lookup,50,0.0,0.0
1000,bottleneck,region_cache_patch_32,astar_search,50,0.621236528932236,0.2843994914232263
1000,bottleneck,region_cache_patch_32,neural_inference,50,0.5997639943858986,0.27456945468175814
1000,bottleneck,region_cache_patch_32,patch_extraction,50,0.9405198935001658,0.4305660838145128
1000,bottleneck,region_cache_patch_32,cache_lookup,50,0.022859470161697572,0.01046497008050271
1000,bottleneck,region_cache_patch_64,astar_search,50,0.40922300438654835,0.276015016045565
1000,bottleneck,region_cache_patch_64,neural_inference,50,0.2674464268544316,0.18038875871657006
1000,bottleneck,region_cache_patch_64,patch_extraction,50,0.7816058023999495,0.5271818440757732
1000,bottleneck,region_cache_patch_64,cache_lookup,50,0.02433614833907541,0.016414381162091752
1000,large_block,full_map_unet_tiebreak,astar_search,50,0.2692936366799995,0.7980407993863528
1000,large_block,full_map_unet_tiebreak,neural_inference,50,0.06814980842590332,0.20195920061364736
1000,large_block,full_map_unet_tiebreak,patch_extraction,50,0.0,0.0
1000,large_block,full_map_unet_tiebreak,cache_lookup,50,0.0,0.0
1000,large_block,manhattan_astar,astar_search,50,0.15577778544000012,1.0
1000,large_block,manhattan_astar,neural_inference,50,0.0,0.0
1000,large_block,manhattan_astar,patch_extraction,50,0.0,0.0
1000,large_block,manhattan_astar,cache_lookup,50,0.0,0.0
1000,large_block,region_cache_patch_32,astar_search,50,0.1054159657541362,0.22590452176140413
1000,large_block,region_cache_patch_32,neural_inference,50,0.12197919754624367,0.2613992300824016
1000,large_block,region_cache_patch_32,patch_extraction,50,0.23723952555989855,0.5084000434005269
1000,large_block,region_cache_patch_32,cache_lookup,50,0.0020047786997133697,0.004296204755667464
1000,large_block,region_cache_patch_64,astar_search,50,0.08500925222045293,0.2265993772630378
1000,large_block,region_cache_patch_64,neural_inference,50,0.044643592419326306,0.11900128488096842
1000,large_block,region_cache_patch_64,patch_extraction,50,0.240753836879951,0.641749787060922
1000,large_block,region_cache_patch_64,cache_lookup,50,0.004745506660265164,0.01264955079507174
1000,maze_like,full_map_unet_tiebreak,astar_search,50,0.00011599252000451088,0.002018135633412945
1000,maze_like,full_map_unet_tiebreak,neural_inference,50,0.057359093933105475,0.9979818643665871
1000,maze_like,full_map_unet_tiebreak,patch_extraction,50,0.0,0.0
1000,maze_like,full_map_unet_tiebreak,cache_lookup,50,0.0,0.0
1000,maze_like,manhattan_astar,astar_search,50,3.371809999975994e-05,1.0
1000,maze_like,manhattan_astar,neural_inference,50,0.0,0.0
1000,maze_like,manhattan_astar,patch_extraction,50,0.0,0.0
1000,maze_like,manhattan_astar,cache_lookup,50,0.0,0.0
1000,maze_like,region_cache_patch_32,astar_search,50,0.0007733802035517966,0.26612591170417454
1000,maze_like,region_cache_patch_32,neural_inference,50,0.0007810015964508057,0.26874848999670087
1000,maze_like,region_cache_patch_32,patch_extraction,50,0.0013510473200017258,0.46490548651192676
1000,maze_like,region_cache_patch_32,cache_lookup,50,6.396599928848445e-07,0.0002201117871977751
1000,maze_like,region_cache_patch_64,astar_search,50,0.0007974774356236321,0.13732040245316166
1000,maze_like,region_cache_patch_64,neural_inference,50,0.0008792051243782044,0.15139337632052663
1000,maze_like,region_cache_patch_64,patch_extraction,50,0.004130087359994832,0.7111740509594422
1000,maze_like,region_cache_patch_64,cache_lookup,50,6.514200015317328e-07,0.00011217026686958704
1000,narrow_corridor,full_map_unet_tiebreak,astar_search,50,0.2638399060600045,0.806811242671899
1000,narrow_corridor,full_map_unet_tiebreak,neural_inference,50,0.06317574779510499,0.19318875732810084
1000,narrow_corridor,full_map_unet_tiebreak,patch_extraction,50,0.0,0.0
1000,narrow_corridor,full_map_unet_tiebreak,cache_lookup,50,0.0,0.0
1000,narrow_corridor,manhattan_astar,astar_search,50,0.13186537230001705,1.0
1000,narrow_corridor,manhattan_astar,neural_inference,50,0.0,0.0
1000,narrow_corridor,manhattan_astar,patch_extraction,50,0.0,0.0
1000,narrow_corridor,manhattan_astar,cache_lookup,50,0.0,0.0
1000,narrow_corridor,region_cache_patch_32,astar_search,50,0.28095362210318464,0.29144020431131545
1000,narrow_corridor,region_cache_patch_32,neural_inference,50,0.19477739647746084,0.20204745466413346
1000,narrow_corridor,region_cache_patch_32,patch_extraction,50,0.47654003162038405,0.49432686839309914
1000,narrow_corridor,region_cache_patch_32,cache_lookup,50,0.011747015758980978,0.01218547263145198
1000,narrow_corridor,region_cache_patch_64,astar_search,50,0.17177115316045521,0.2545902876515323
1000,narrow_corridor,region_cache_patch_64,neural_inference,50,0.06260665732085705,0.09279233796217745
1000,narrow_corridor,region_cache_patch_64,patch_extraction,50,0.4279732613799911,0.6343197546104637
1000,narrow_corridor,region_cache_patch_64,cache_lookup,50,0.012345338378686392,0.018297619775826512
1000,open_random,full_map_unet_tiebreak,astar_search,50,0.17380481632000055,0.6785258101261432
1000,open_random,full_map_unet_tiebreak,neural_inference,50,0.08234581748962402,0.32147418987385684
1000,open_random,full_map_unet_tiebreak,patch_extraction,50,0.0,0.0
1000,open_random,full_map_unet_tiebreak,cache_lookup,50,0.0,0.0
1000,open_random,manhattan_astar,astar_search,50,0.10210885163999592,1.0
1000,open_random,manhattan_astar,neural_inference,50,0.0,0.0
1000,open_random,manhattan_astar,patch_extraction,50,0.0,0.0
1000,open_random,manhattan_astar,cache_lookup,50,0.0,0.0
1000,open_random,region_cache_patch_32,astar_search,50,0.2881509082887025,0.2340308855428969
1000,open_random,region_cache_patch_32,neural_inference,50,0.331570899810791,0.2692958067139882
1000,open_random,region_cache_patch_32,patch_extraction,50,0.5990974607599253,0.4865759754179589
1000,open_random,region_cache_patch_32,cache_lookup,50,0.012432356840581632,0.010097332325156116
1000,open_random,region_cache_patch_64,astar_search,50,0.18841435869268963,0.21168360527767202
1000,open_random,region_cache_patch_64,neural_inference,50,0.16579189950764175,0.1862672635839446
1000,open_random,region_cache_patch_64,patch_extraction,50,0.5227326695999522,0.5872903576198268
1000,open_random,region_cache_patch_64,cache_lookup,50,0.013136420479714844,0.014758773518556555
1500,bottleneck,full_map_unet_tiebreak,astar_search,50,1.4566441600600093,0.8883095980400276
1500,bottleneck,full_map_unet_tiebreak,neural_inference,50,0.18314917694091798,0.11169040195997236
1500,bottleneck,full_map_unet_tiebreak,patch_extraction,50,0.0,0.0
1500,bottleneck,full_map_unet_tiebreak,cache_lookup,50,0.0,0.0
1500,bottleneck,manhattan_astar,astar_search,50,0.7485043998000037,1.0
1500,bottleneck,manhattan_astar,neural_inference,50,0.0,0.0
1500,bottleneck,manhattan_astar,patch_extraction,50,0.0,0.0
1500,bottleneck,manhattan_astar,cache_lookup,50,0.0,0.0
1500,bottleneck,region_cache_patch_32,astar_search,50,1.621642550821634,0.32157266756023256
1500,bottleneck,region_cache_patch_32,neural_inference,50,0.9820435323116183,0.19473980760169105
1500,bottleneck,region_cache_patch_32,patch_extraction,50,2.348732647259803,0.4657550595120123
1500,bottleneck,region_cache_patch_32,cache_lookup,50,0.09043072296693935,0.017932465326064087
1500,bottleneck,region_cache_patch_64,astar_search,50,1.1954217514176035,0.31475534646533054
1500,bottleneck,region_cache_patch_64,neural_inference,50,0.48179546887904406,0.12685706910771605
1500,bottleneck,region_cache_patch_64,patch_extraction,50,2.0224452730396387,0.5325111926965289
1500,bottleneck,region_cache_patch_64,cache_lookup,50,0.09827696930371076,0.02587639173042457
1500,large_block,full_map_unet_tiebreak,astar_search,50,0.8247638554800096,0.7977563159755385
1500,large_block,full_map_unet_tiebreak,neural_inference,50,0.2090905170440674,0.20224368402446155
1500,large_block,full_map_unet_tiebreak,patch_extraction,50,0.0,0.0
1500,large_block,full_map_unet_tiebreak,cache_lookup,50,0.0,0.0
1500,large_block,manhattan_astar,astar_search,50,0.40173060117999737,1.0
1500,large_block,manhattan_astar,neural_inference,50,0.0,0.0
1500,large_block,manhattan_astar,patch_extraction,50,0.0,0.0
1500,large_block,manhattan_astar,cache_lookup,50,0.0,0.0
1500,large_block,region_cache_patch_32,astar_search,50,0.5961900337456071,0.2859072945667812
1500,large_block,region_cache_patch_32,neural_inference,50,0.567384291832149,0.272093290185118
1500,large_block,region_cache_patch_32,patch_extraction,50,0.8979941703399027,0.4306396773619576
1500,large_block,region_cache_patch_32,cache_lookup,50,0.02368796684233985,0.011359737886143265
1500,large_block,region_cache_patch_64,astar_search,50,0.4636953771561022,0.29881676459909295
1500,large_block,region_cache_patch_64,neural_inference,50,0.27951562739551067,0.1801267805287908
1500,large_block,region_cache_patch_64,patch_extraction,50,0.7761967170796288,0.5002003537595973
1500,large_block,region_cache_patch_64,cache_lookup,50,0.0323639059687639,0.020856101112519003
1500,maze_like,full_map_unet_tiebreak,astar_search,50,0.0003406684800211224,0.0048508999086090835
1500,maze_like,full_map_unet_tiebreak,neural_inference,50,0.06988722457885742,0.9951491000913909
1500,maze_like,full_map_unet_tiebreak,patch_extraction,50,0.0,0.0
1500,maze_like,full_map_unet_tiebreak,cache_lookup,50,0.0,0.0
1500,maze_like,manhattan_astar,astar_search,50,0.00026855099999011144,1.0
1500,maze_like,manhattan_astar,neural_inference,50,0.0,0.0
1500,maze_like,manhattan_astar,patch_extraction,50,0.0,0.0
1500,maze_like,manhattan_astar,cache_lookup,50,0.0,0.0
1500,maze_like,region_cache_patch_32,astar_search,50,0.0015008839248393997,0.22356158702497864
1500,maze_like,region_cache_patch_32,neural_inference,50,0.001464617595076561,0.21815959816816616
1500,maze_like,region_cache_patch_32,patch_extraction,50,0.0037371311000333664,0.5566579439067968
1500,maze_like,region_cache_patch_32,cache_lookup,50,1.0881740063268808e-05,0.0016208709000584296
1500,maze_like,region_cache_patch_64,astar_search,50,0.0011205167188473569,0.10349726427128873
1500,maze_like,region_cache_patch_64,neural_inference,50,0.0009992524814605715,0.09229661316776323
1500,maze_like,region_cache_patch_64,patch_extraction,50,0.008695889660011745,0.8032015721657482
1500,maze_like,region_cache_patch_64,cache_lookup,50,1.0875799671339336e-05,0.0010045503951998955
1500,narrow_corridor,full_map_unet_tiebreak,astar_search,50,0.5049031964399956,0.7537745205536912
1500,narrow_corridor,full_map_unet_tiebreak,neural_inference,50,0.16492999992370605,0.246225479446309
1500,narrow_corridor,full_map_unet_tiebreak,patch_extraction,50,0.0,0.0
1500,narrow_corridor,full_map_unet_tiebreak,cache_lookup,50,0.0,0.0
1500,narrow_corridor,manhattan_astar,astar_search,50,0.23840704623998135,1.0
1500,narrow_corridor,manhattan_astar,neural_inference,50,0.0,0.0
1500,narrow_corridor,manhattan_astar,patch_extraction,50,0.0,0.0
1500,narrow_corridor,manhattan_astar,cache_lookup,50,0.0,0.0
1500,narrow_corridor,region_cache_patch_32,astar_search,50,0.5958063243242564,0.28502619145193747
1500,narrow_corridor,region_cache_patch_32,neural_inference,50,0.5274522489711638,0.25232646845015944
1500,narrow_corridor,region_cache_patch_32,patch_extraction,50,0.9436753633399758,0.45144232915767696
1500,narrow_corridor,region_cache_patch_32,cache_lookup,50,0.0234224663645864,0.01120501094022606
1500,narrow_corridor,region_cache_patch_64,astar_search,50,0.39197756121037686,0.27804021911803134
1500,narrow_corridor,region_cache_patch_64,neural_inference,50,0.23105565617799756,0.16389398687470136
1500,narrow_corridor,region_cache_patch_64,patch_extraction,50,0.7621487044001151,0.5406125598556886
1500,narrow_corridor,region_cache_patch_64,cache_lookup,50,0.024605347311517107,0.0174532341515787
1500,open_random,full_map_unet_tiebreak,astar_search,50,0.3312464232599973,0.7331469413980012
1500,open_random,full_map_unet_tiebreak,neural_inference,50,0.1205680828857422,0.26685305860199887
1500,open_random,full_map_unet_tiebreak,patch_extraction,50,0.0,0.0
1500,open_random,full_map_unet_tiebreak,cache_lookup,50,0.0,0.0
1500,open_random,manhattan_astar,astar_search,50,0.19141912813998715,1.0
1500,open_random,manhattan_astar,neural_inference,50,0.0,0.0
1500,open_random,manhattan_astar,patch_extraction,50,0.0,0.0
1500,open_random,manhattan_astar,cache_lookup,50,0.0,0.0
1500,open_random,region_cache_patch_32,astar_search,50,0.44330616288624847,0.2671026385386954
1500,open_random,region_cache_patch_32,neural_inference,50,0.31221076415389765,0.18811450385156664
1500,open_random,region_cache_patch_32,patch_extraction,50,0.8778022530995441,0.5288969961337145
1500,open_random,region_cache_patch_32,cache_lookup,50,0.026365521260315744,0.015885861476023392
1500,open_random,region_cache_patch_64,astar_search,50,0.3087234830802489,0.22958111763372877
1500,open_random,region_cache_patch_64,neural_inference,50,0.16613780673861506,0.12354778772158742
1500,open_random,region_cache_patch_64,patch_extraction,50,0.8412248615602107,0.6255738694424821
1500,open_random,region_cache_patch_64,cache_lookup,50,0.028638912520923442,0.021297225202201783
2000,bottleneck,full_map_unet_tiebreak,astar_search,50,1.9402918941199823,0.8753912429856296
2000,bottleneck,full_map_unet_tiebreak,neural_inference,50,0.2761934884643555,0.12460875701437038
2000,bottleneck,full_map_unet_tiebreak,patch_extraction,50,0.0,0.0
2000,bottleneck,full_map_unet_tiebreak,cache_lookup,50,0.0,0.0
2000,bottleneck,manhattan_astar,astar_search,50,1.0575745915200059,1.0
2000,bottleneck,manhattan_astar,neural_inference,50,0.0,0.0
2000,bottleneck,manhattan_astar,patch_extraction,50,0.0,0.0
2000,bottleneck,manhattan_astar,cache_lookup,50,0.0,0.0
2000,bottleneck,region_cache_patch_32,astar_search,50,2.3739270203981753,0.3137761663498448
2000,bottleneck,region_cache_patch_32,neural_inference,50,1.7760324473071094,0.23474885615291
2000,bottleneck,region_cache_patch_32,patch_extraction,50,3.2978395406794423,0.4358952231554977
2000,bottleneck,region_cache_patch_32,cache_lookup,50,0.11787128459528504,0.015579754341747448
2000,bottleneck,region_cache_patch_64,astar_search,50,1.6949256869204223,0.31976974711511946
2000,bottleneck,region_cache_patch_64,neural_inference,50,0.8410751539543267,0.15867975295922965
2000,bottleneck,region_cache_patch_64,patch_extraction,50,2.638114199540678,0.4977145115905812
2000,bottleneck,region_cache_patch_64,cache_lookup,50,0.12634162320458928,0.02383598833506972
2000,large_block,full_map_unet_tiebreak,astar_search,50,1.1772192735199951,0.8285004153004835
2000,large_block,full_map_unet_tiebreak,neural_inference,50,0.2436843878173828,0.17149958469951654
2000,large_block,full_map_unet_tiebreak,patch_extraction,50,0.0,0.0
2000,large_block,full_map_unet_tiebreak,cache_lookup,50,0.0,0.0
2000,large_block,manhattan_astar,astar_search,50,0.6508767400399939,1.0
2000,large_block,manhattan_astar,neural_inference,50,0.0,0.0
2000,large_block,manhattan_astar,patch_extraction,50,0.0,0.0
2000,large_block,manhattan_astar,cache_lookup,50,0.0,0.0
2000,large_block,region_cache_patch_32,astar_search,50,0.7765907237119233,0.27326666520757875
2000,large_block,region_cache_patch_32,neural_inference,50,0.8136513188159473,0.2863075436593303
2000,large_block,region_cache_patch_32,patch_extraction,50,1.2219075447793148,0.4299647031036214
2000,large_block,region_cache_patch_32,cache_lookup,50,0.029729143572812974,0.010461088029469589
2000,large_block,region_cache_patch_64,astar_search,50,0.5116321472061238,0.285821458962454
2000,large_block,region_cache_patch_64,neural_inference,50,0.3266290737849474,0.1824701573553728
2000,large_block,region_cache_patch_64,patch_extraction,50,0.9174196076605131,0.5125131643392392
2000,large_block,region_cache_patch_64,cache_lookup,50,0.034360230768425024,0.019195219342933993
2000,maze_like,full_map_unet_tiebreak,astar_search,50,0.0008256692000213665,0.00812120715544078
2000,maze_like,full_map_unet_tiebreak,neural_inference,50,0.10084261535644531,0.9918787928445593
2000,maze_like,full_map_unet_tiebreak,patch_extraction,50,0.0,0.0
2000,maze_like,full_map_unet_tiebreak,cache_lookup,50,0.0,0.0
2000,maze_like,manhattan_astar,astar_search,50,0.0005223740399287636,1.0
2000,maze_like,manhattan_astar,neural_inference,50,0.0,0.0
2000,maze_like,manhattan_astar,patch_extraction,50,0.0,0.0
2000,maze_like,manhattan_astar,cache_lookup,50,0.0,0.0
2000,maze_like,region_cache_patch_32,astar_search,50,0.002590427307881329,0.22899775294814384
2000,maze_like,region_cache_patch_32,neural_inference,50,0.0024177919924259174,0.21373652589170242
2000,maze_like,region_cache_patch_32,patch_extraction,50,0.006264912200040271,0.5538278614735626
2000,maze_like,region_cache_patch_32,cache_lookup,50,3.88891397324187e-05,0.0034378596865912267
2000,maze_like,region_cache_patch_64,astar_search,50,0.002381658299517803,0.13352149271687513
2000,maze_like,region_cache_patch_64,neural_inference,50,0.0012299974402785302,0.06895661493387842
2000,maze_like,region_cache_patch_64,patch_extraction,50,0.014179199940053877,0.7949200529355231
2000,maze_like,region_cache_patch_64,cache_lookup,50,4.640970009859302e-05,0.002601839413723306
2000,narrow_corridor,full_map_unet_tiebreak,astar_search,50,1.3246838767799636,0.8487623864680988
2000,narrow_corridor,full_map_unet_tiebreak,neural_inference,50,0.2360401820373535,0.1512376135319011
2000,narrow_corridor,full_map_unet_tiebreak,patch_extraction,50,0.0,0.0
2000,narrow_corridor,full_map_unet_tiebreak,cache_lookup,50,0.0,0.0
2000,narrow_corridor,manhattan_astar,astar_search,50,0.7196436628599895,1.0
2000,narrow_corridor,manhattan_astar,neural_inference,50,0.0,0.0
2000,narrow_corridor,manhattan_astar,patch_extraction,50,0.0,0.0
2000,narrow_corridor,manhattan_astar,cache_lookup,50,0.0,0.0
2000,narrow_corridor,region_cache_patch_32,astar_search,50,1.6755143168462612,0.3105708770278764
2000,narrow_corridor,region_cache_patch_32,neural_inference,50,1.1911075269746785,0.22078194472448284
2000,narrow_corridor,region_cache_patch_32,patch_extraction,50,2.4444978318619723,0.45310853383998595
2000,narrow_corridor,region_cache_patch_32,cache_lookup,50,0.08383020783713618,0.0155386444076547
2000,narrow_corridor,region_cache_patch_64,astar_search,50,1.0487699529498224,0.2977753798197375
2000,narrow_corridor,region_cache_patch_64,neural_inference,50,0.5116309822836517,0.14526647111556681
2000,narrow_corridor,region_cache_patch_64,patch_extraction,50,1.8801601632604343,0.5338305175144561
2000,narrow_corridor,region_cache_patch_64,cache_lookup,50,0.08145591172604327,0.023127631550239534
2000,open_random,full_map_unet_tiebreak,astar_search,50,0.7183818755599896,0.7664174858673274
2000,open_random,full_map_unet_tiebreak,neural_inference,50,0.21894260986328123,0.23358251413267261
2000,open_random,full_map_unet_tiebreak,patch_extraction,50,0.0,0.0
2000,open_random,full_map_unet_tiebreak,cache_lookup,50,0.0,0.0
2000,open_random,manhattan_astar,astar_search,50,0.543623603520009,1.0
2000,open_random,manhattan_astar,neural_inference,50,0.0,0.0
2000,open_random,manhattan_astar,patch_extraction,50,0.0,0.0
2000,open_random,manhattan_astar,cache_lookup,50,0.0,0.0
2000,open_random,region_cache_patch_32,astar_search,50,0.833515671240936,0.27988034719927
2000,open_random,region_cache_patch_32,neural_inference,50,0.5179842387649418,0.17393027340859132
2000,open_random,region_cache_patch_32,patch_extraction,50,1.5777606284814465,0.5297851111057053
2000,open_random,region_cache_patch_32,cache_lookup,50,0.04885378637267422,0.016404268286433512
2000,open_random,region_cache_patch_64,astar_search,50,0.5886690597307923,0.25246984047190035
2000,open_random,region_cache_patch_64,neural_inference,50,0.24148894654661424,0.10357037592264982
2000,open_random,region_cache_patch_64,patch_extraction,50,1.4470958704607164,0.620634051549851
2000,open_random,region_cache_patch_64,cache_lookup,50,0.054387235841859366,0.023325732055598982
500,bottleneck,full_map_unet_tiebreak,astar_search,50,0.1237622048199978,0.86467477885584
500,bottleneck,full_map_unet_tiebreak,neural_inference,50,0.019369302940368652,0.13532522114416007
500,bottleneck,full_map_unet_tiebreak,patch_extraction,50,0.0,0.0
500,bottleneck,full_map_unet_tiebreak,cache_lookup,50,0.0,0.0
500,bottleneck,manhattan_astar,astar_search,50,0.051529499600001145,1.0
500,bottleneck,manhattan_astar,neural_inference,50,0.0,0.0
500,bottleneck,manhattan_astar,patch_extraction,50,0.0,0.0
500,bottleneck,manhattan_astar,cache_lookup,50,0.0,0.0
500,bottleneck,region_cache_patch_32,astar_search,50,0.18522486754687256,0.28244628213032985
500,bottleneck,region_cache_patch_32,neural_inference,50,0.17020026641339064,0.25953552081168985
500,bottleneck,region_cache_patch_32,patch_extraction,50,0.29445490156000065,0.44900932203192545
500,bottleneck,region_cache_patch_32,cache_lookup,50,0.0059079116597376925,0.009008875026054849
500,bottleneck,region_cache_patch_64,astar_search,50,0.10428742047736544,0.26146151617204233
500,bottleneck,region_cache_patch_64,neural_inference,50,0.05274873470246792,0.13224762956388833
500,bottleneck,region_cache_patch_64,patch_extraction,50,0.23581261033999112,0.5912115032643167
500,bottleneck,region_cache_patch_64,cache_lookup,50,0.006014600700174242,0.01507935099975264
500,large_block,full_map_unet_tiebreak,astar_search,50,0.052750904780000954,0.6765897849077525
500,large_block,full_map_unet_tiebreak,neural_inference,50,0.02521495571136475,0.3234102150922476
500,large_block,full_map_unet_tiebreak,patch_extraction,50,0.0,0.0
500,large_block,full_map_unet_tiebreak,cache_lookup,50,0.0,0.0
500,large_block,manhattan_astar,astar_search,50,0.03439843807999978,1.0
500,large_block,manhattan_astar,neural_inference,50,0.0,0.0
500,large_block,manhattan_astar,patch_extraction,50,0.0,0.0
500,large_block,manhattan_astar,cache_lookup,50,0.0,0.0
500,large_block,region_cache_patch_32,astar_search,50,0.06792607526527174,0.23956549680520386
500,large_block,region_cache_patch_32,neural_inference,50,0.08931297283470631,0.31499400818812345
500,large_block,region_cache_patch_32,patch_extraction,50,0.1255069652800097,0.4426450133089213
500,large_block,region_cache_patch_32,cache_lookup,50,0.0007926270800112434,0.0027954816977514055
500,large_block,region_cache_patch_64,astar_search,50,0.039487661789983725,0.21046988736798186
500,large_block,region_cache_patch_64,neural_inference,50,0.034274754610061645,0.18268500628656403
500,large_block,region_cache_patch_64,patch_extraction,50,0.11247940691999475,0.5995170904668157
500,large_block,region_cache_patch_64,cache_lookup,50,0.001374858019956946,0.0073280158786384365
500,maze_like,full_map_unet_tiebreak,astar_search,50,5.329576000065117e-05,0.006884845854162683
500,maze_like,full_map_unet_tiebreak,neural_inference,50,0.00768772867679596,0.9931151541458373
500,maze_like,full_map_unet_tiebreak,patch_extraction,50,0.0,0.0
500,maze_like,full_map_unet_tiebreak,cache_lookup,50,0.0,0.0
500,maze_like,manhattan_astar,astar_search,50,1.698115999829497e-05,1.0
500,maze_like,manhattan_astar,neural_inference,50,0.0,0.0
500,maze_like,manhattan_astar,patch_extraction,50,0.0,0.0
500,maze_like,manhattan_astar,cache_lookup,50,0.0,0.0
500,maze_like,region_cache_patch_32,astar_search,50,0.00046624993756508954,0.23777956802731592
500,maze_like,region_cache_patch_32,neural_inference,50,0.00039288320243358613,0.2003637762349406
500,maze_like,region_cache_patch_32,patch_extraction,50,0.0011010154999996757,0.5614992494122413
500,maze_like,region_cache_patch_32,cache_lookup,50,7.008200003610909e-07,0.0003574063255021888
500,maze_like,region_cache_patch_64,astar_search,50,0.00045364144041756387,0.09362381271097332
500,maze_like,region_cache_patch_64,neural_inference,50,0.0003500627195835113,0.0722469412521328
500,maze_like,region_cache_patch_64,patch_extraction,50,0.004040862140000172,0.8339646392049312
500,maze_like,region_cache_patch_64,cache_lookup,50,7.975799979931253e-07,0.00016460683196269058
500,narrow_corridor,full_map_unet_tiebreak,astar_search,50,0.06159455257999923,0.7168176645613795
500,narrow_corridor,full_map_unet_tiebreak,neural_inference,50,0.024333230209350586,0.28318233543862054
500,narrow_corridor,full_map_unet_tiebreak,patch_extraction,50,0.0,0.0
500,narrow_corridor,full_map_unet_tiebreak,cache_lookup,50,0.0,0.0
500,narrow_corridor,manhattan_astar,astar_search,50,0.029218320079999673,1.0
500,narrow_corridor,manhattan_astar,neural_inference,50,0.0,0.0
500,narrow_corridor,manhattan_astar,patch_extraction,50,0.0,0.0
500,narrow_corridor,manhattan_astar,cache_lookup,50,0.0,0.0
500,narrow_corridor,region_cache_patch_32,astar_search,50,0.12173350215718344,0.25151208730573416
500,narrow_corridor,region_cache_patch_32,neural_inference,50,0.15114141690254215,0.3122714172341863
500,narrow_corridor,region_cache_patch_32,patch_extraction,50,0.2087649882600357,0.43132676726774233
500,narrow_corridor,region_cache_patch_32,cache_lookup,50,0.002366660560239211,0.004889728192337208
500,narrow_corridor,region_cache_patch_64,astar_search,50,0.056598961085870085,0.21790649674941615
500,narrow_corridor,region_cache_patch_64,neural_inference,50,0.04808978435397148,0.1851460916766705
500,narrow_corridor,region_cache_patch_64,patch_extraction,50,0.1527441387599947,0.5880662743208281
500,narrow_corridor,region_cache_patch_64,cache_lookup,50,0.0023067836401577326,0.008881137253085146
500,open_random,full_map_unet_tiebreak,astar_search,50,0.035968661299999385,0.7627243044466869
500,open_random,full_map_unet_tiebreak,neural_inference,50,0.011189481019973755,0.23727569555331307
500,open_random,full_map_unet_tiebreak,patch_extraction,50,0.0,0.0
500,open_random,full_map_unet_tiebreak,cache_lookup,50,0.0,0.0
500,open_random,manhattan_astar,astar_search,50,0.019646703759998444,1.0
500,open_random,manhattan_astar,neural_inference,50,0.0,0.0
500,open_random,manhattan_astar,patch_extraction,50,0.0,0.0
500,open_random,manhattan_astar,cache_lookup,50,0.0,0.0
500,open_random,region_cache_patch_32,astar_search,50,0.04979824224167065,0.26126991211638445
500,open_random,region_cache_patch_32,neural_inference,50,0.034772806398272516,0.18243792677715048
500,open_random,region_cache_patch_32,patch_extraction,50,0.10433976741998918,0.5474257852670347
500,open_random,region_cache_patch_32,cache_lookup,50,0.0016899379200654607,0.00886637583943035
500,open_random,region_cache_patch_64,astar_search,50,0.03012602790015599,0.20184501586477252
500,open_random,region_cache_patch_64,neural_inference,50,0.012246286079883578,0.08205037239794379
500,open_random,region_cache_patch_64,patch_extraction,50,0.10509245255999958,0.7041216261414646
500,open_random,region_cache_patch_64,cache_lookup,50,0.0017884997399622194,0.011982985595819172
