case_id,case_category,seed,obstacle_rate,path_length,optimal_cost,manhattan_path_length,unet_expanded_nodes,manhattan_expanded_nodes,mlp_table_expanded_nodes,unet_minus_manhattan_expanded,unet_minus_mlp_expanded,mae,mse,overestimate_rate,underestimate_rate,max_overestimate,max_underestimate,local_consistency_violation_rate,local_consistency_mean_violation,local_consistency_max_violation,obstacle_density,largest_obstacle_block_rate,corridor_rate,path_corridor_rate,articulation_rate,path_articulation_rate,manhattan_optimal_path_overlap,unet_optimal_path_overlap,structure_labels,near_goal_mean_abs_error,near_goal_max_abs_error,near_goal_cells,near_obstacle_mean_abs_error,near_obstacle_max_abs_error,near_obstacle_cells,corridor_mean_abs_error,corridor_max_abs_error,corridor_cells,bottleneck_mean_abs_error,bottleneck_max_abs_error,bottleneck_cells,optimal_path_mean_abs_error,optimal_path_max_abs_error,optimal_path_cells,other_mean_abs_error,other_max_abs_error,other_cells
unet_better_than_manhattan_rate0.1_seed0_size20,unet_better_than_manhattan,0,0.1,38,38,38,242,326,137,-84,105,1.594899411002795,5.4808210647537905,0.4583333333333333,0.5416666666666666,9.759834289550781,-6.2390594482421875,0.23295454545454544,0.3394137151565286,2.8577253818511963,0.1,0.01,0.075,0.10256410256410256,0.005555555555555556,0.0,1.0,0.14705882352941177,open space; multiple alternative routes,1.2063551687058949,4.745780944824219,21,1.9934271873708544,9.759834289550781,179,2.920130826808788,8.11046028137207,27,4.884707450866699,9.759834289550781,2,2.5722072430146046,7.016380310058594,39,1.1383453133594559,5.784793853759766,166
unet_better_than_manhattan_rate0.1_seed10_size20,unet_better_than_manhattan,10,0.1,38,38,38,256,344,151,-88,105,1.4386361206081553,4.401337561294988,0.4309859154929577,0.5690140845070423,9.386445999145508,-5.326961517333984,0.21677740863787376,0.34794118075535213,2.6766841411590576,0.11,0.0175,0.0898876404494382,0.1794871794871795,0.011235955056179775,0.02564102564102564,1.0,0.02631578947368421,open space; multiple alternative routes,1.130393283707755,4.451642990112305,21,1.8549881626887874,9.386445999145508,181,2.24735886819901,7.754631042480469,31,3.159438133239746,9.386445999145508,4,1.7176593847763844,5.326961517333984,39,1.012478490928551,5.457550048828125,154
unet_better_than_manhattan_rate0.1_seed11_size20,unet_better_than_manhattan,11,0.1,38,38,38,228,314,148,-86,80,2.0212518764866725,9.018052329048519,0.6972222222222222,0.30277777777777776,11.987598419189453,-6.012012481689453,0.22140522875816993,0.4187235383529945,2.563089370727539,0.1,0.005,0.1,0.1794871794871795,0.008333333333333333,0.05128205128205128,1.0,0.2,open space; multiple alternative routes,1.942141784562005,6.153829574584961,18,2.4228127460695257,11.987598419189453,177,2.6445038318634033,11.987598419189453,36,1.0956194400787354,1.4864470958709717,3,2.2824720419370212,6.012012481689453,39,1.5711628001160416,7.796176910400391,163
unet_better_than_manhattan_rate0.1_seed12_size20,unet_better_than_manhattan,12,0.1,38,38,38,219,283,133,-64,86,1.5519380111460466,5.020653333694478,0.5013623978201635,0.4986376021798365,8.928531646728516,-5.671577453613281,0.23835403726708074,0.33682928256180855,2.8689231872558594,0.08,0.01,0.07608695652173914,0.10256410256410256,0.005434782608695652,0.02564102564102564,1.0,0.02631578947368421,open space; multiple alternative routes,1.2194435426167078,4.689278602600098,21,2.0144097568183543,8.928531646728516,151,2.5045644530543574,7.282079696655273,27,5.42303466796875,8.928531646728516,2,1.9361699788998334,5.671577453613281,39,1.2639128174444643,6.91033935546875,198
unet_better_than_manhattan_rate0.1_seed13_size20,unet_better_than_manhattan,13,0.1,38,38,38,226,315,141,-89,85,1.496937985221545,4.699294997900944,0.5444444444444444,0.45555555555555555,8.356849670410156,-5.5876922607421875,0.22061191626409019,0.35651407363641,3.1687793731689453,0.0975,0.0175,0.10803324099722991,0.23076923076923078,0.0110803324099723,0.0,1.0,0.02631578947368421,open space; multiple alternative routes,1.0149555578827858,3.6082468032836914,16,1.9685405897788513,8.356849670410156,156,2.951254483900572,6.594352722167969,38,0.7815835475921631,1.5840320587158203,4,2.8122328397555227,6.57994270324707,39,1.083641526599725,5.3888092041015625,192
unet_better_than_manhattan_rate0.1_seed14_size20,unet_better_than_manhattan,14,0.1,38,38,38,235,352,149,-117,86,1.6573910511256567,5.649497108822358,0.5737704918032787,0.4262295081967213,7.8550872802734375,-6.029937744140625,0.21746031746031746,0.3642670712331786,2.9239420890808105,0.085,0.005,0.08196721311475409,0.1282051282051282,0.01366120218579235,0.02564102564102564,1.0,0.13043478260869565,open space; multiple alternative routes,1.2300654706500826,4.875565528869629,21,1.9954806008987878,7.8550872802734375,169,2.163318145275116,7.787517547607422,30,3.5519950866699217,7.791072845458984,5,2.953696247858879,6.868265151977539,39,1.3819880075352167,6.548395156860352,186
unet_better_than_manhattan_rate0.1_seed15_size20,unet_better_than_manhattan,15,0.1,38,38,38,223,294,123,-71,100,1.59167161696666,5.00230633235758,0.4486486486486487,0.5513513513513514,8.599231719970703,-6.112529754638672,0.22530864197530864,0.33230329866278663,2.728667736053467,0.075,0.0075,0.07567567567567568,0.10256410256410256,0.002702702702702703,0.02564102564102564,1.0,0.04,open space; multiple alternative routes,1.1346947465624129,4.363225936889648,21,1.971454700346916,8.599231719970703,155,2.153068091188158,6.971607208251953,28,4.296165466308594,4.296165466308594,1,2.213579618013822,6.112529754638672,39,1.3432067535361465,6.8939666748046875,196
unet_better_than_manhattan_rate0.1_seed16_size20,unet_better_than_manhattan,16,0.1,38,38,38,197,297,133,-100,64,1.835929528511955,6.3012303369076985,0.5750708215297451,0.42492917847025496,9.428747177124023,-8.963968276977539,0.21235194585448391,0.4007073417602782,2.6727957725524902,0.1175,0.0175,0.11614730878186968,0.20512820512820512,0.0084985835694051,0.07692307692307693,1.0,0.5918367346938775,open space; multiple alternative routes,1.6614046931266784,3.670363426208496,10,2.028314927156935,9.428747177124023,188,2.0438827625135096,8.963968276977539,41,1.7202083269755046,3.6181983947753906,3,0.9065191287260789,5.605701446533203,39,1.7189596279247388,7.275936126708984,148
unet_better_than_manhattan_rate0.1_seed17_size20,unet_better_than_manhattan,17,0.1,38,38,38,230,330,147,-100,83,1.6257715897006884,5.038010389881736,0.7071823204419889,0.292817679558011,8.399444580078125,-5.821559906005859,0.22763578274760382,0.41257609986422356,2.596101760864258,0.095,0.0075,0.0856353591160221,0.1282051282051282,0.019337016574585635,0.05128205128205128,1.0,0.2786885245901639,open space; multiple alternative routes,1.2084308942159017,3.330831527709961,15,2.0104615406960433,8.399444580078125,161,2.801937380144673,8.399444580078125,31,4.236618893487113,8.399444580078125,7,1.7515322489616199,5.821559906005859,39,1.2810278707080418,4.929521560668945,180
unet_better_than_manhattan_rate0.1_seed18_size20,unet_better_than_manhattan,18,0.1,38,38,38,206,367,150,-161,56,2.1988647609301237,9.859567103954147,0.7771739130434783,0.22282608695652173,9.382757186889648,-5.642162322998047,0.21384136858475894,0.4460648163882169,1.6853961944580078,0.08,0.0075,0.059782608695652176,0.1282051282051282,0.01358695652173913,0.05128205128205128,1.0,0.14705882352941177,open space; multiple alternative routes,1.6025720139344533,4.412452697753906,12,2.538695958425414,9.382757186889648,159,3.7827350713989953,8.378622055053711,22,3.385752773284912,5.268585205078125,5,3.188470103801825,8.396188735961914,39,1.8522066211700439,9.213708877563477,200
unet_better_than_manhattan_rate0.1_seed19_size20,unet_better_than_manhattan,19,0.1,38,38,38,260,353,140,-93,120,1.2936585668744989,3.574414969019974,0.39664804469273746,0.6033519553072626,8.579654693603516,-5.617763519287109,0.23427152317880795,0.3362354137029749,2.840547561645508,0.105,0.005,0.09497206703910614,0.10256410256410256,0.008379888268156424,0.0,1.0,0.05405405405405406,open space; multiple alternative routes,1.0575559933980305,4.496677398681641,18,1.4288390183702429,8.579654693603516,188,1.6771113031050737,8.579654693603516,34,3.2669642766316733,4.860982894897461,3,0.8893403059396988,5.617763519287109,39,1.2092374021356755,5.291376113891602,154
unet_better_than_manhattan_rate0.1_seed1_size20,unet_better_than_manhattan,1,0.1,38,38,38,191,307,137,-116,54,1.7735564507229227,7.072201091100791,0.7183098591549296,0.28169014084507044,9.798995971679688,-5.587825775146484,0.23427152317880795,0.4256811567414355,2.560649871826172,0.1125,0.0075,0.12394366197183099,0.15384615384615385,0.03380281690140845,0.05128205128205128,1.0,0.18181818181818182,open space; multiple alternative routes,1.9808766484260558,5.97027587890625,20,2.5570946669428603,9.798995971679688,159,3.221112687479366,8.70772933959961,44,3.4883623123168945,7.600456237792969,12,1.6796568876657731,5.587825775146484,39,1.0635718626134536,7.464473724365234,170
unet_better_than_manhattan_rate0.1_seed20_size20,unet_better_than_manhattan,20,0.1,38,38,38,243,346,142,-103,101,1.5361579217586572,4.770055723013984,0.5439093484419264,0.45609065155807366,7.215736389160156,-5.555976867675781,0.2164685908319185,0.3683526824502384,2.6150593757629395,0.1175,0.01,0.13031161473087818,0.23076923076923078,0.0169971671388102,0.07692307692307693,1.0,0.16417910447761194,open space; multiple alternative routes,1.1387695537673101,3.378324508666992,18,1.8378697273495432,7.215736389160156,182,2.3309448776037796,6.773311614990234,46,2.7421711683273315,7.215736389160156,6,3.053914922934312,7.215736389160156,39,1.1927843853166908,5.964818954467773,157
unet_better_than_manhattan_rate0.1_seed21_size20,unet_better_than_manhattan,21,0.1,38,38,38,178,300,133,-122,45,1.8683637471779886,7.617839648032041,0.6657223796033994,0.3342776203966006,10.01922607421875,-5.174381256103516,0.21548821548821548,0.4326398828998208,2.973325729370117,0.1175,0.01,0.12181303116147309,0.10256410256410256,0.0028328611898017,0.02564102564102564,1.0,0.23809523809523808,open space; multiple alternative routes,1.4833179632822673,5.587883949279785,15,2.059545048077901,9.99778938293457,180,2.242135009100271,7.648088455200195,43,0.8140459060668945,0.8140459060668945,1,1.3828628735664563,5.174381256103516,39,1.7380429945494,10.01922607421875,152
unet_better_than_manhattan_rate0.1_seed3_size20,unet_better_than_manhattan,3,0.1,38,38,38,238,329,132,-91,106,1.6079920725689993,5.607878926304242,0.46111111111111114,0.5388888888888889,9.992021560668945,-6.414299011230469,0.23376623376623376,0.3364795135955016,3.0389256477355957,0.1,0.01,0.10555555555555556,0.1794871794871795,0.0,0.0,1.0,0.04,open space; multiple alternative routes,1.0366672608587477,4.949131965637207,18,1.9580572696293101,9.992021560668945,170,2.3055954230459115,8.283798217773438,38,0.0,0.0,0,1.9977889977968657,6.414299011230469,39,1.2843708904242954,7.331033706665039,163
unet_better_than_manhattan_rate0.1_seed4_size20,unet_better_than_manhattan,4,0.1,38,38,38,171,239,123,-68,48,2.500233940863877,12.742549518469454,0.8398876404494382,0.1601123595505618,11.353012084960938,-5.262920379638672,0.22073578595317725,0.4485559680245139,3.084585666656494,0.11,0.0075,0.10955056179775281,0.2564102564102564,0.011235955056179775,0.0,1.0,0.02631578947368421,open space; multiple alternative routes,2.575850536948756,6.963120460510254,19,2.7133064733969197,11.21645736694336,185,2.7392999025491567,8.650527954101562,39,2.0734981298446655,5.2666778564453125,4,2.1202258941454764,5.262920379638672,39,2.2840387213463877,11.353012084960938,153
unet_better_than_manhattan_rate0.1_seed5_size20,unet_better_than_manhattan,5,0.1,38,38,38,186,292,124,-106,62,1.7658100081943078,5.96748188454447,0.7119113573407202,0.2880886426592798,8.311328887939453,-5.5261077880859375,0.23107890499194847,0.39053136546437334,1.7264595031738281,0.0975,0.0075,0.09141274238227147,0.1282051282051282,0.01662049861495845,0.02564102564102564,1.0,0.08333333333333333,open space; multiple alternative routes,1.1474921533039637,3.697798728942871,14,2.2812625693111883,8.311328887939453,164,3.1431675390763716,8.311328887939453,33,1.6932388544082642,5.5226593017578125,6,2.231976790305896,5.933034896850586,39,1.3188247938413877,6.643424987792969,185
unet_better_than_manhattan_rate0.1_seed6_size20,unet_better_than_manhattan,6,0.1,38,38,38,206,263,120,-57,86,1.5011495862688338,4.838979424692354,0.49019607843137253,0.5098039215686274,9.068599700927734,-5.481143951416016,0.22682119205298013,0.35559645273389606,2.643721580505371,0.1075,0.01,0.10364145658263306,0.1282051282051282,0.0056022408963585435,0.0,1.0,0.08333333333333333,open space; multiple alternative routes,1.085257077217102,4.489703178405762,20,1.7095371871204166,9.068599700927734,182,1.8020418560182727,9.068599700927734,37,0.498748779296875,0.6798858642578125,2,1.4763878706174018,5.481143951416016,39,1.313772654869187,6.755462646484375,142
unet_better_than_manhattan_rate0.1_seed7_size20,unet_better_than_manhattan,7,0.1,38,38,38,200,323,146,-123,54,2.175634766562601,9.422175167989918,0.800561797752809,0.199438202247191,9.903144836425781,-6.252725601196289,0.20881863560732114,0.48993600792143926,2.723928451538086,0.11,0.005,0.10955056179775281,0.1282051282051282,0.016853932584269662,0.07692307692307693,1.0,0.18181818181818182,open space; multiple alternative routes,1.369463161988692,2.139375686645508,11,2.589162200184192,9.903144836425781,177,2.6871515726431823,6.981151580810547,39,1.1800576051076253,1.9728240966796875,6,2.455712813597459,6.252725601196289,39,1.7169340031701814,7.995046615600586,159
unet_better_than_manhattan_rate0.1_seed8_size20,unet_better_than_manhattan,8,0.1,38,38,38,232,306,126,-74,106,1.4756240242165946,4.231623530228495,0.42349726775956287,0.5765027322404371,7.542535781860352,-5.972171783447266,0.23442367601246106,0.33782790071544455,2.9816932678222656,0.0825,0.0075,0.07629427792915532,0.15384615384615385,0.005449591280653951,0.0,1.0,0.02631578947368421,open space; multiple alternative routes,1.201326568921407,4.457704544067383,21,1.8647896561183428,7.542535781860352,152,2.566910562691865,5.972171783447266,27,4.688246726989746,5.113502502441406,2,2.3048066237033944,5.972171783447266,39,1.210457799322318,6.88728141784668,191
unet_non_optimal_rate0.2_seed69_size20,unet_non_optimal,69,0.2,40,38,38,206,143,142,63,64,3.416515019247609,18.83038925389068,0.5096774193548387,0.49032258064516127,9.417736053466797,-19.158981323242188,0.22017353579175705,0.5219347846919092,3.2865028381347656,0.2225,0.02,0.2733118971061093,0.28205128205128205,0.0932475884244373,0.10256410256410256,1.0,0.48148148148148145,sparse obstacles; bottleneck; multiple alternative routes,1.3952356917517525,5.257598876953125,21,3.6414176104804885,19.158981323242188,217,4.130920369000662,19.158981323242188,84,3.907925901741817,11.797967910766602,29,2.1648737711784167,5.374615669250488,39,3.3671972993491353,9.326332092285156,69
unet_non_optimal_rate0.2_seed81_size20,unet_non_optimal,81,0.2,40,38,38,186,237,167,-51,19,2.329189820453014,8.522814687861596,0.8130841121495327,0.18691588785046728,8.622604370117188,-5.242687225341797,0.22040816326530613,0.504416134070467,3.3228211402893066,0.195,0.02,0.2546583850931677,0.20512820512820512,0.031055900621118012,0.0,1.0,0.06666666666666667,sparse obstacles; multiple alternative routes,1.3860924103680778,5.687037467956543,17,2.455001840897656,8.622604370117188,218,2.588781417152028,8.622604370117188,81,4.408168888092041,8.336376190185547,10,2.4848079956494846,6.102294921875,39,2.010138125646682,5.831289291381836,84
unet_non_optimal_rate0.3_seed23_size20,unet_non_optimal,23,0.3,40,38,38,124,184,102,-60,22,3.473089253860899,18.4153242613984,0.8780487804878049,0.12195121951219512,11.491718292236328,-4.143768310546875,0.22431077694235588,0.7230107884167293,3.8208236694335938,0.2775,0.025,0.35294117647058826,0.20512820512820512,0.08996539792387544,0.05128205128205128,1.0,0.25,dense obstacles; narrow corridor; bottleneck; multiple alternative routes; maze-like,1.6894012540578842,4.568726539611816,16,3.483126702287649,11.491718292236328,227,3.916311001777649,11.491718292236328,100,3.306584541614239,11.491718292236328,26,3.248263527185489,8.541595458984375,39,3.205478831035335,10.22348403930664,41
unet_worse_than_manhattan_rate0.2_seed15_size20,unet_worse_than_manhattan,15,0.2,38,38,38,298,209,161,89,137,4.655707888327833,29.971881759124166,0.9483282674772037,0.05167173252279635,13.352617263793945,-5.414394378662109,0.20776699029126214,0.5284359455108643,2.6799745559692383,0.175,0.015,0.19090909090909092,0.15384615384615385,0.03939393939393939,0.20512820512820512,1.0,0.4444444444444444,sparse obstacles; bottleneck; multiple alternative routes,8.8774054646492,13.352617263793945,8,4.8499235972552235,13.352617263793945,213,5.28311062628223,13.352617263793945,62,5.40002206655649,13.352617263793945,13,3.6858254090333595,13.352617263793945,39,4.484101465432951,11.99232292175293,101
unet_worse_than_manhattan_rate0.2_seed25_size20,unet_worse_than_manhattan,25,0.2,38,38,38,239,197,155,42,84,4.700048834180075,33.059750603521245,0.9206349206349206,0.07936507936507936,13.182971954345703,-5.581947326660156,0.19747899159663865,0.6039112882411226,2.693784713745117,0.205,0.0125,0.24528301886792453,0.20512820512820512,0.0880503144654088,0.1794871794871795,1.0,0.6595744680851063,sparse obstacles; bottleneck; multiple alternative routes,9.405244403415256,12.909343719482422,9,4.4021841326789675,12.909343719482422,213,3.99699343363444,12.703210830688477,75,3.9211527859723128,12.116615295410156,27,3.543996737553523,12.116615295410156,39,5.628659680832264,13.182971954345703,86
unet_worse_than_manhattan_rate0.2_seed28_size20,unet_worse_than_manhattan,28,0.2,38,38,38,299,206,177,93,122,8.562564463397257,91.93144085466028,0.9575163398692811,0.042483660130718956,23.274871826171875,-5.200042724609375,0.09934497816593886,0.5807445442283546,6.24104118347168,0.23,0.0225,0.275974025974026,0.2564102564102564,0.09740259740259741,0.28205128205128205,1.0,0.4444444444444444,sparse obstacles; bottleneck; multiple alternative routes,17.343547185262043,23.274871826171875,9,8.593479584484566,23.274871826171875,205,8.789262771606445,23.274871826171875,83,10.55508467356364,23.274871826171875,30,8.588022036430162,23.274871826171875,39,8.598854459565262,17.123313903808594,87
unet_worse_than_manhattan_rate0.2_seed68_size20,unet_worse_than_manhattan,68,0.2,38,38,38,218,174,110,44,108,5.167518180416477,39.588056341807544,0.9387096774193548,0.06129032258064516,12.499202728271484,-4.670372009277344,0.1652542372881356,0.5761764385761359,4.274283409118652,0.2,0.015,0.259375,0.41025641025641024,0.103125,0.358974358974359,1.0,0.4716981132075472,sparse obstacles; bottleneck; multiple alternative routes,7.116493384043376,11.190773963928223,9,5.332598959698396,12.344184875488281,204,5.180834475316499,12.239395141601562,76,4.871568901198251,11.61680793762207,28,4.518970355009421,11.61680793762207,39,5.138327864713447,12.499202728271484,86
unet_worse_than_manhattan_rate0.2_seed69_size20,unet_worse_than_manhattan,69,0.2,40,38,38,206,143,142,63,64,3.416515019247609,18.83038925389068,0.5096774193548387,0.49032258064516127,9.417736053466797,-19.158981323242188,0.22017353579175705,0.5219347846919092,3.2865028381347656,0.2225,0.02,0.2733118971061093,0.28205128205128205,0.0932475884244373,0.10256410256410256,1.0,0.48148148148148145,sparse obstacles; bottleneck; multiple alternative routes,1.3952356917517525,5.257598876953125,21,3.6414176104804885,19.158981323242188,217,4.130920369000662,19.158981323242188,84,3.907925901741817,11.797967910766602,29,2.1648737711784167,5.374615669250488,39,3.3671972993491353,9.326332092285156,69
unet_worse_than_manhattan_rate0.2_seed6_size20,unet_worse_than_manhattan,6,0.2,44,44,44,185,141,125,44,60,3.6142914895113414,20.434238112053436,0.685064935064935,0.31493506493506496,9.727787017822266,-11.698657989501953,0.2040358744394619,0.6041825721552084,3.059237003326416,0.2275,0.0175,0.3365695792880259,0.2,0.10355987055016182,0.13333333333333333,0.9565217391304348,0.7647058823529411,sparse obstacles; bottleneck,2.699378418922424,7.975208282470703,15,3.688594724373384,11.698657989501953,220,3.9888930401755767,11.698657989501953,103,4.154139876365662,10.12911605834961,32,3.9964864757325915,10.78524398803711,45,3.1858011014533765,9.541996002197266,66
unet_worse_than_manhattan_rate0.3_seed15_size20,unet_worse_than_manhattan,15,0.3,40,40,40,278,159,145,119,133,4.669183412091486,33.159558108819354,0.8655172413793103,0.13448275862068965,19.06081199645996,-6.310997009277344,0.16028708133971292,0.5628404973158195,3.164457321166992,0.255,0.0175,0.33221476510067116,0.2926829268292683,0.11409395973154363,0.36585365853658536,1.0,1.0,dense obstacles; bottleneck; maze-like,14.582785248756409,19.06081199645996,8,4.9002366463343305,19.06081199645996,216,5.418504285288381,19.06081199645996,91,6.521831691265106,19.06081199645996,32,6.099535616432748,19.06081199645996,41,3.761972576379776,8.511188507080078,64
unet_worse_than_manhattan_rate0.3_seed16_size20,unet_worse_than_manhattan,16,0.3,38,38,38,119,81,65,38,54,6.334515240815309,53.48609889664078,0.7837837837837838,0.21621621621621623,14.727603912353516,-12.344995498657227,0.14695945945945946,0.5552974350150974,2.4043102264404297,0.325,0.0325,0.43703703703703706,0.28205128205128205,0.28888888888888886,0.46153846153846156,1.0,0.8571428571428571,dense obstacles; narrow corridor; bottleneck; maze-like,10.235308488210043,12.435962677001953,6,6.350014819180902,14.727603912353516,187,6.600193337960676,14.727603912353516,88,5.780726143292019,12.435962677001953,56,6.321704986767891,12.516462326049805,39,6.93360710144043,13.144168853759766,24
unet_worse_than_manhattan_rate0.3_seed21_size20,unet_worse_than_manhattan,21,0.3,38,38,38,160,119,83,41,77,4.69926874697422,31.541847666711355,0.8207885304659498,0.17921146953405018,12.030925750732422,-5.504289627075195,0.19148936170212766,0.6605765173832575,3.7142276763916016,0.2925,0.0225,0.4169611307420495,0.3333333333333333,0.1413427561837456,0.28205128205128205,1.0,0.56,dense obstacles; narrow corridor; bottleneck; multiple alternative routes; maze-like,4.647696473381736,8.264411926269531,11,4.827025399737888,12.030925750732422,225,4.963344000933463,12.030925750732422,114,4.874509888887405,10.570915222167969,40,3.7473677427340775,9.179157257080078,39,3.8734433121151395,10.776412963867188,36
unet_worse_than_manhattan_rate0.3_seed28_size20,unet_worse_than_manhattan,28,0.3,40,40,40,241,159,149,82,92,8.561062416422024,107.52427047843867,0.8600823045267489,0.13991769547325103,29.564594268798828,-6.49261474609375,0.11692307692307692,0.6228826924374229,6.90380859375,0.34,0.035,0.44696969696969696,0.2926829268292683,0.2727272727272727,0.3902439024390244,0.9523809523809523,0.8222222222222222,maze-like; narrow corridor; bottleneck,24.80899715423584,29.564594268798828,8,8.88275094908111,29.564594268798828,196,9.26107852935791,29.564594268798828,100,10.013062477111816,29.564594268798828,66,11.101640422169755,29.564594268798828,41,6.8005080684538814,13.039703369140625,31
unet_worse_than_manhattan_rate0.3_seed56_size20,unet_worse_than_manhattan,56,0.3,38,38,38,103,84,66,19,37,5.725745528599002,41.09146237737467,0.9056603773584906,0.09433962264150944,13.467674255371094,-6.054351806640625,0.19014084507042253,0.6533734639485677,2.543222427368164,0.31,0.04,0.42028985507246375,0.3076923076923077,0.16666666666666666,0.23076923076923078,1.0,0.7727272727272727,dense obstacles; narrow corridor; bottleneck; maze-like,8.213930130004883,12.098272323608398,7,5.669889037098203,13.467674255371094,224,5.493792125156948,13.408254623413086,105,4.376657463255382,10.367843627929688,42,5.229025376148713,10.367843627929688,39,6.352293540691507,10.701499938964844,29
unet_worse_than_manhattan_rate0.4_seed33_size20,unet_worse_than_manhattan,33,0.4,44,44,44,106,86,82,20,24,7.605813814669239,79.83685097697317,0.6938775510204082,0.30612244897959184,16.21919822692871,-9.965988159179688,0.18333333333333332,0.733996494249864,5.683048248291016,0.43,0.13,0.5657894736842105,0.3111111111111111,0.44298245614035087,0.7111111111111111,0.9148936170212766,0.9148936170212766,maze-like; large obstacle block; narrow corridor; bottleneck,5.859005822075738,10.00322151184082,9,7.7789940669618804,16.21919822692871,174,8.117953875485588,16.21919822692871,102,8.730860201867072,16.21919822692871,91,6.573317125108507,11.816211700439453,45,4.641602149376502,14.102083206176758,13
unet_worse_than_manhattan_rate0.4_seed74_size20,unet_worse_than_manhattan,74,0.4,38,38,38,160,99,98,61,62,6.284111298787754,63.38500958410922,0.8340807174887892,0.16591928251121077,19.907546997070312,-5.617012023925781,0.18592057761732853,0.7357608878496781,5.356963157653809,0.375,0.0575,0.576,0.2564102564102564,0.368,0.4358974358974359,1.0,0.9024390243902439,maze-like; large obstacle block; narrow corridor; bottleneck,11.772544604081373,19.907546997070312,13,6.45403025796016,19.907546997070312,192,6.288966327154336,19.756380081176758,119,8.157953055508166,19.518503189086914,83,7.320121068220872,19.41167449951172,39,5.196748574574788,16.768543243408203,12
